RK,Player,Pos,Team,BYE,Opp,PTS,SoS Rank,ADP (FFPC),P-RK,YPC,Rush,RUSH YDS,RUSH TD,REC,REC YDS,REC TD,YPR,Rec/Tar Game,PASS YDS,PASS TD,INT,CMP%,ATT/ GM,QB YPC,PTS (Projections),YPC (Projections),Rush (Projections),RUSH YDS (Projections),RUSH TD (Projections),REC (Projections),REC YDS (Projections),REC TD (Projections),YPR (Projections),Rec/Tar Game (Projections),PASS YDS (Projections),PASS TD (Projections),INT (Projections),CMP% (Projections),ATT/ GM (Projections),QB YPC (Projections),Auction $,Target Round
1,Jahmyr Gibbs,RB,DET,6,NO,328,1,1.1,RB1,5.0,243,1223,13,77,616,5,8.0,4.5/5.5,,,,,,,338,4.9,264,1306,15,71,577,4,8.1,4.2/5.4,,,,,,,67,1.10
2,Bijan Robinson,RB,ATL,11,@PIT,331,12,1.9,RB2,5.1,287,1478,7,79,820,4,10.4,4.6/6.1,,,,,,,330,4.8,291,1386,9,79,735,4,9.3,4.6/5.9,,,,,,,65,1.20
3,Ja'Marr Chase,WR,CIN,6,TB,251,8,3.1,WR1,4.7,3,14,,125,1412,8,11.3,7.8/11.6,,,,,,,260,5.1,3,17,,114,1409,10,12.4,6.7/9.9,,,,,,,64,1.30
4,Puka Nacua,WR,LAR,11,SF,311,25,4.4,WR2,10.5,10,105,1,129,1715,10,13.3,8.1/10.4,,,,,,,290,6.9,14,94,1,119,1551,10,13.0,7.0/9.8,,,,,,,62,1.40
5,Jaxon Smith-Njigba,WR,SEA,11,NE,300,13,6.2,WR3,5.1,7,36,,119,1793,10,15.1,7.0/9.6,,,,,,,276,5.2,5,27,,114,1626,9,14.2,6.7/9.6,,,,,,,62,1.50
6,Christian McCaffrey,RB,SF,8,@LAR,366,15,6.8,RB3,3.9,311,1202,10,102,924,7,9.1,6.0/7.6,,,,,0.1,,330,4.0,285,1151,11,80,726,6,9.1,4.7/6.2,,,,,,,59,1.60
7,Jonathan Taylor,RB,IND,13,BAL,339,13,9.2,RB4,4.9,323,1585,18,46,378,2,8.2,2.7/3.2,,,,,,,309,4.7,329,1539,14,47,359,2,7.6,2.8/3.5,,,,,,,59,1.70
8,James Cook III,RB,BUF,7,@HOU,286,30,11.6,RB5,5.2,309,1621,12,33,291,2,8.8,1.9/2.4,,,,,,,281,4.7,304,1441,12,39,334,2,8.6,2.3/3.1,,,,,,,55,1.80
9,Amon-Ra St. Brown,WR,DET,6,NO,266,14,7.9,WR4,3.0,3,9,,117,1401,11,12.0,6.9/10.1,,,,,,,256,5.7,2,10,,116,1373,10,11.8,6.8/9.9,,,,,,,55,1.90
10,CeeDee Lamb,WR,DAL,14,@NYG,163,10,13.7,WR5,2.0,1,2,,75,1077,3,14.4,5.4/8.4,,,,,,,243,6.0,3,20,,105,1406,8,13.4,6.2/9.4,,,,,,,53,2.00
11,Derrick Henry,RB,BAL,13,@IND,272,19,23.4,RB6,5.2,307,1595,16,15,150,,10.0,0.9/1.2,,,,,0.1,,276,4.9,311,1536,14,22,216,1,9.8,1.3/1.8,,,,,,,52,2.10
12,Saquon Barkley,RB,PHI,10,WAS,214,4,17.9,RB7,4.1,280,1140,7,37,273,2,7.4,2.3/3.1,,,,,,,248,4.3,292,1241,10,39,328,2,8.4,2.3/3.1,,,,,,,51,2.20
13,Justin Jefferson,WR,MIN,6,GB,160,2,13.5,WR6,3.5,2,7,,84,1048,2,12.5,4.9/8.3,,,,,,,247,4.2,2,7,,111,1430,8,12.9,6.5/9.9,,,,,,,51,2.30
14,Chase Brown,RB,CIN,6,TB,248,27,14.8,RB8,4.4,232,1019,6,69,437,5,6.3,4.1/5.2,,,,,,,250,4.4,237,1045,7,67,462,4,6.9,3.9/5.0,,,,,,,48,2.40
15,Kenneth Walker III,RB,KC,5,DEN,176,22,17,RB9,4.6,221,1027,5,31,282,,9.1,1.8/2.1,,,,,,,259,4.4,277,1227,10,51,391,2,7.7,3.0/3.8,,,,,,,46,2.50
16,Omarion Hampton,RB,LAC,7,ARI,120,28,16.8,RB10,4.4,124,545,4,32,192,1,6.0,3.6/3.9,,,,,,,251,4.3,266,1149,11,49,340,2,6.9,2.9/3.5,,,,,,,44,2.60
17,De'Von Achane,RB,MIA,6,@LV,289,20,16.8,RB11,5.7,238,1350,8,67,488,4,7.3,4.2/5.3,,,,,,,268,4.9,263,1286,6,68,518,3,7.6,4.0/5.1,,,,,,,43,2.70
18,Drake London,WR,ATL,11,@PIT,168,15,20.5,WR7,,,,,68,919,7,13.5,5.7/9.3,,,,,,,207,,,,,94,1181,7,12.6,5.5/9.2,,,,,,,41,2.80
19,George Pickens,WR,DAL,14,@NYG,245,10,28.1,WR8,,,,,93,1429,9,15.4,5.5/8.1,,,,,,,215,,,,,82,1203,9,14.7,4.8/7.5,,,,,,,41,2.90
20,A.J. Brown,WR,NE,11,@SEA,181,28,21.5,WR9,,,,,78,1003,7,12.9,5.2/8.1,,,,,,,202,,,,,78,1150,8,14.7,4.6/7.5,,,,,,,40,3.00
21,Brock Bowers,TE,LV,13,MIA,144,18,6.3,TE1,1.0,2,2,,64,680,7,10.6,5.3/7.2,,,,,,,204,4.0,6,24,,99,1041,8,10.5,5.8/8.3,,,,,,,38,3.10
22,Chris Olave,WR,NO,8,@DET,218,6,28.7,WR10,-3.0,1,-3,,100,1163,9,11.6,6.3/9.8,,,1,,0.1,,192,,,,,84,1078,7,12.8,4.9/7.9,,,,,,,38,3.20
23,Nico Collins,WR,HOU,8,BUF,191,3,25.9,WR11,7.5,2,15,1,71,1117,6,15.7,4.7/8.0,,,,,,,212,6.5,2,11,,84,1206,8,14.4,4.9/7.9,,,,,,,36,3.30
24,Kyren Williams,RB,LAR,11,SF,245,8,35.6,RB12,4.8,259,1252,10,36,281,3,7.8,2.1/2.9,,,,,,,226,4.6,248,1133,11,29,201,2,6.9,1.7/2.4,,,,,,,35,3.40
25,Javonte Williams,RB,DAL,14,@NYG,225,5,38.5,RB13,4.8,252,1201,11,35,137,2,3.9,2.2/3.2,,,,,,,232,4.4,279,1216,10,35,205,2,5.9,2.1/2.8,,,,,,,35,3.50
26,Malik Nabers,WR,NYG,8,DAL,48,9,32,WR12,,,,,18,271,2,15.1,4.5/8.8,,,,,,,186,,,,,79,1041,7,13.2,4.9/8.2,,,,,,,34,3.60
27,Trey McBride,TE,ARI,14,@LAC,253,19,13.6,TE2,,,,,126,1239,11,9.8,7.4/9.9,,,,,,,196,,,,,109,1053,6,9.7,6.4/8.9,,,,,,,33,3.70
28,Devonta Smith,WR,PHI,10,WAS,163,1,31.5,WR13,,,,,77,1008,4,13.1,4.5/6.6,,,,,,,201,,,,,86,1099,8,12.8,5.1/7.6,,,,,,,32,3.80
29,Travis Etienne Jr.,RB,NO,8,@DET,236,3,40.6,RB14,4.3,260,1107,7,36,292,6,8.1,2.1/3.1,,,,,,,220,4.3,249,1063,7,47,361,2,7.7,2.8/3.7,,,,,,,31,3.90
30,Josh Jacobs,RB,GB,11,@MIN,219,17,39.5,RB15,4.0,234,929,13,36,282,1,7.8,2.4/2.9,,,,,,,243,4.1,266,1085,13,39,309,1,7.9,2.3/2.9,,,,,,,30,4.00
31,Ladd McConkey,WR,LAC,7,ARI,148,31,39.2,WR14,,,,,66,789,6,12.0,4.1/6.6,,,,,,,180,,,,,78,987,7,12.7,4.6/7.1,,,,,,,30,4.10
32,Zay Flowers,WR,BAL,13,@IND,200,19,35.2,WR15,6.2,10,62,1,86,1211,5,14.1,5.1/6.9,,,,,,,216,6.1,10,62,1,85,1197,7,14.1,5.0/7.4,,,,,,,30,4.20
33,Ashton Jeanty,RB,LV,13,MIA,218,32,10.7,RB16,3.7,266,975,5,55,346,5,6.3,3.2/4.3,,,,,,,226,4.1,237,979,7,59,442,2,7.5,3.9/5.1,,,,,,,30,4.30
34,Breece Hall,RB,NYJ,13,@TEN,190,23,29.4,RB17,4.4,243,1065,4,36,350,1,9.7,2.3/3.0,4,1,,100%,0.1,4.0,230,4.4,255,1114,6,52,447,2,8.6,3.1/3.9,,,,,,,29,4.40
35,Tee Higgins,WR,CIN,6,TB,182,8,41.9,WR16,,,,,59,846,11,14.3,3.9/6.5,,,,,,,195,,,,,79,1017,9,12.9,4.6/7.6,,,,,,,28,4.50
36,D'Andre Swift,RB,CHI,10,@CAR,212,26,51,RB18,4.9,223,1087,9,34,299,1,8.8,2.1/3.0,,,,,,,208,4.6,239,1092,8,32,287,1,9.1,1.9/2.6,,,,,,,28,4.60
37,Josh Allen,QB,BUF,7,@HOU,365,20,38.3,QB1,5.2,112,579,14,,,,,,3668,25,10,69%,27.1,11.5,388,5.1,114,586,13,,,,,,4078,27,10,67%,30.4,11.6,28,4.70
38,Jeremiyah Love,RB,ARI,14,@LAC,,25,26.9,RB19,,,,,,,,,,,,,,,,215,4.4,209,920,7,55,419,2,7.6,3.2/4.2,,,,,,,27,4.80
39,Rashee Rice,WR,KC,5,DEN,124,30,26.5,WR17,4.0,5,20,1,53,571,5,10.8,6.6/9.8,,,,,,,217,4.7,7,32,,100,1156,8,11.6,5.9/8.6,,,,,,,27,4.90
40,Garrett Wilson,WR,NYJ,13,@TEN,82,23,37.8,WR18,,,,,36,395,4,11.0,5.1/8.4,,,,,,,191,5.2,2,9,,95,1064,6,11.2,5.6/8.7,,,,,,,26,5.00
41,Emeka Egbuka,WR,TB,10,@CIN,164,11,34.9,WR19,4.5,2,9,,63,938,6,14.9,3.7/7.5,,,,,,,168,5.7,2,10,,62,943,7,15.3,3.6/6.4,,,,,,,26,5.10
42,Jaylen Waddle,WR,DEN,10,@KC,162,29,42.3,WR20,14.0,2,28,,64,910,6,14.2,4.0/6.3,8,,,100%,0.1,8.0,187,5.4,3,18,,79,1038,7,13.1,4.6/7.6,,,,,,,25,5.20
43,Davante Adams,WR,LAR,11,SF,193,25,57.9,WR21,,,,,60,789,14,13.2,4.3/8.1,,,,,,,182,,,,,67,884,10,13.2,3.9/7.1,,,,,,,24,5.30
44,Colston Loveland,TE,CHI,10,@CAR,136,30,21.6,TE3,-2.0,1,-2,,58,713,6,12.3,3.6/5.1,,,,,,,168,,,,,81,914,6,11.3,4.8/7.3,,,,,,,24,5.40
45,Luther Burden III,WR,CHI,10,@CAR,104,27,46.4,WR22,6.2,6,37,,47,652,2,13.9,3.1/4.0,,,,,,,187,5.5,7,37,,79,1021,7,12.9,4.6/7.5,,,,,,,24,5.50
46,Jameson Williams,WR,DET,6,NO,187,14,60.4,WR23,2.0,6,12,,65,1117,7,17.2,3.8/6.0,,,,,,,187,6.0,7,41,1,63,1029,7,16.3,3.7/6.2,,,,,,,24,5.60
47,Terry Mclaurin,WR,WAS,7,@PHI,95,16,48.9,WR24,,,,,38,582,3,15.3,3.8/6.0,,,,,,,173,,,,,74,995,6,13.5,4.4/6.6,,,,,,,24,5.70
48,Tetairoa McMillan,WR,CAR,5,CHI,176,20,41.7,WR25,,,,,70,1014,7,14.5,4.1/7.2,,,,,,,194,,,,,79,1123,7,14.2,4.6/7.8,,,,,,,23,5.80
49,David Montgomery,RB,HOU,8,BUF,155,11,48.8,RB20,4.5,158,716,8,24,192,,8.0,1.4/1.7,3,1,,50%,0.1,3.0,189,4.3,218,933,9,29,215,1,7.4,1.7/2.2,,,,,,,23,5.90
50,DJ Moore,WR,BUF,7,@HOU,145,21,51,WR26,5.3,15,79,1,50,682,6,13.6,2.9/5.0,2,1,,100%,0.1,2.0,163,5.2,5,27,,66,915,6,13.9,3.9/6.2,,,,,,,22,6.00
51,Cam Skattebo,RB,NYG,8,DAL,116,9,40.5,RB21,4.1,101,410,5,24,207,2,8.6,3.0/4.0,,,,,,,209,4.2,234,971,8,41,310,2,7.6,2.4/3.1,,,,,,,22,6.10
52,Lamar Jackson,QB,BAL,13,@IND,215,16,71.6,QB2,5.2,67,349,2,,,,,,2549,21,7,64%,23.2,13.3,333,5.5,119,661,3,,,,,,3922,28,10,66%,28.4,12.3,21,6.20
53,Bucky Irving,RB,TB,10,@CIN,124,18,54.6,RB22,3.4,173,588,1,30,277,3,9.2,3.0/3.5,,,,,,,195,4.1,241,986,6,37,299,2,8.1,2.2/2.7,,,,,,,21,6.30
54,Mike Evans,WR,SF,8,@LAR,70,26,56.9,WR27,,,,,30,368,3,12.3,3.8/7.6,,,,,,,156,,,,,55,866,7,15.7,3.2/5.8,,,,,,,21,6.40
55,Parker Washington,WR,JAX,7,CLE,144,4,64.6,WR28,,7,,,58,847,5,14.6,3.6/5.9,,,,,,,165,5.6,10,57,,69,947,5,13.7,4.1/6.8,,,,,,,20,6.50
56,Jadarian Price,RB,SEA,11,NE,,6,60.8,RB23,,,,,,,,,,,,,,,,196,4.2,216,907,9,31,241,2,7.8,1.8/2.5,,,,,,,20,6.60
57,Christian Watson,WR,GB,11,@MIN,115,12,55,WR29,3.0,1,3,,35,611,6,17.5,3.5/5.5,,,,,,,162,5.9,3,20,,56,901,7,16.1,3.3/5.9,,,,,,,20,6.70
58,Quinshon Judkins,RB,CLE,11,@JAX,157,7,48.3,RB24,3.6,230,827,7,26,171,,6.6,1.9/2.6,,,,,,,216,4.0,302,1214,8,35,237,1,6.8,2.0/2.8,,,,,,,19,6.80
59,Jayden Daniels,QB,WAS,7,@PHI,114,10,90.3,QB3,4.8,58,278,2,,,,,,1262,8,3,61%,26.9,11.1,330,5.1,123,622,5,,,,,,4003,25,11,67%,30.9,11.1,19,6.90
60,Joe Burrow,QB,CIN,6,TB,135,12,82.1,QB4,2.9,14,41,,,,,,,1809,17,5,67%,32.4,10.5,312,3.6,45,161,1,,,,,,4305,35,11,68%,35.1,10.6,18,7.00
61,Jalen Hurts,QB,PHI,10,WAS,299,1,103.7,QB5,4.0,105,421,8,,,,,,3224,25,6,65%,28.4,11.0,343,4.1,133,539,10,,,,,,3677,25,9,65%,28.9,11.3,18,7.10
62,Rhamondre Stevenson,RB,NE,11,@SEA,163,24,75.8,RB25,4.6,130,603,7,32,345,2,10.8,2.3/2.6,,,,,,,191,4.4,191,844,8,37,282,2,7.6,2.2/2.7,,,,,,,17,7.20
63,Bhayshul Tuten,RB,JAX,7,CLE,84,16,52.2,RB26,3.7,83,307,5,10,79,2,7.9,0.7/0.9,,,,,,,193,4.2,231,961,7,34,254,2,7.5,2.0/2.9,,,,,,,16,7.30
64,Tyler Warren,TE,IND,13,BAL,151,13,30.2,TE4,1.3,6,8,1,76,817,4,10.8,4.5/6.6,,,,,0.1,,169,2.3,9,20,1,85,883,5,10.3,5.0/6.9,,,,,,,16,7.40
65,Drake Maye,QB,NE,11,@SEA,352,22,76.3,QB6,4.4,103,450,4,1,2,,2.0,0.1/0.1,4394,31,8,72%,28.9,12.4,328,5.0,102,511,4,,,,,,4212,27,12,68%,31.1,11.7,15,7.50
66,Marvin Harrison Jr.,WR,ARI,14,@LAC,107,18,69.3,WR30,,,,,41,608,4,14.8,3.4/6.1,,,,,,,172,,,,,71,1003,6,14.1,4.2/7.5,,,,,,,15,7.60
67,Rico Dowdle,RB,PIT,9,ATL,197,21,83.9,RB27,4.6,236,1076,6,39,297,1,7.6,2.3/2.9,,,,,,,179,4.3,228,992,6,31,228,1,7.3,1.8/2.5,,,,,,,14,7.70
68,Rome Odunze,WR,CHI,10,@CAR,124,27,60.7,WR31,,,,,44,661,6,15.0,3.7/7.5,,,,,,,182,,,,,67,1063,7,15.9,3.9/8.0,,,,,,,14,7.80
69,Jaylen Warren,RB,PIT,9,ATL,197,21,71.1,RB28,4.5,211,958,6,40,333,2,8.3,2.5/2.8,,,,,,,170,4.4,189,821,4,41,315,2,7.7,2.4/3.1,,,,,,,14,7.90
70,TreVeyon Henderson,RB,NE,11,@SEA,189,24,55.9,RB29,5.1,180,911,9,35,221,1,6.3,2.1/2.5,,,,,,,171,4.5,173,772,6,38,269,2,7.1,2.2/2.8,,,,,,,14,8.00
71,Brian Thomas Jr.,WR,JAX,7,CLE,115,4,72.7,WR32,7.0,3,21,1,48,707,2,14.7,3.4/6.5,,,,,,,148,6.3,3,21,,58,864,5,14.9,3.4/6.2,,,,,,,14,8.10
72,Carnell Tate,WR,TEN,9,NYJ,,7,65.5,WR33,,,,,,,,,,,,,,,,146,,,,,61,849,5,13.9,3.6/6.1,,,,,,,14,8.20
73,Tucker Kraft,TE,GB,11,@MIN,101,29,59.2,TE5,3.0,1,3,,32,489,6,15.3,4.0/5.5,,,,,,,166,,,,,72,882,7,12.3,4.2/5.6,,,,,,,13,8.30
74,Justin Herbert,QB,LAC,7,ARI,287,23,109.3,QB7,6.0,83,498,2,,,,,,3727,26,13,66%,32.0,11.0,321,4.8,81,386,3,,,,,,4111,30,10,66%,32.8,11.1,13,8.40
75,Caleb Williams,QB,CHI,10,@CAR,317,30,106.7,QB8,5.0,77,383,3,2,22,1,11.0,0.1/0.1,3942,27,7,58%,33.4,11.9,316,5.5,74,401,3,,,,,,4197,27,9,61%,33.8,12.0,12,8.50
76,Jayden Reed,WR,GB,11,@MIN,39,12,102,WR34,9.3,3,28,,19,207,1,10.9,2.7/3.1,,,,,,,155,7.6,10,78,,70,825,5,11.8,4.1/5.8,,,,,,,11,8.60
77,Trevor Lawrence,QB,JAX,7,CLE,338,3,115,QB9,4.4,82,359,9,,,,,,4007,29,12,61%,32.9,11.8,324,4.5,78,353,6,,,,,,4166,27,11,62%,33.8,11.5,11,8.70
78,Dak Prescott,QB,DAL,14,@NYG,314,5,119.4,QB10,3.3,53,177,2,,,,,,4552,30,10,67%,35.3,11.3,319,3.9,52,202,2,,,,,,4470,32,10,67%,34.4,11.3,10,8.80
79,Tony Pollard,RB,TEN,9,NYJ,169,14,79.9,RB30,4.5,242,1082,5,33,206,,6.2,1.9/2.4,,,,,,,163,4.4,201,882,6,30,183,1,6.2,1.7/2.3,,,,,,,10,8.90
80,J.K. Dobbins,RB,DEN,10,@KC,110,29,96.9,RB31,5.0,153,772,4,11,37,,3.4,1.1/1.4,,,,,,,183,4.6,223,1022,9,19,116,1,6.0,1.1/1.5,,,,,,,10,9.00
81,Blake Corum,RB,LAR,11,SF,118,8,85.4,RB32,5.1,145,746,6,8,36,,4.5,0.5/0.8,,,,,,,153,4.6,171,782,8,17,119,1,7.0,1.0/1.5,,,,,,,10,9.10
82,Jonathon Brooks,RB,CAR,5,CHI,,31,73.2,RB33,2.4,9,,,3,,,7.7,1.0/1.0,,,,,,,133,4.2,147,612,4,33,250,1,7.6,1.9/2.6,,,,,,,10,9.20
83,Sam Laporta,TE,DET,6,NO,87,26,64,TE6,,,,,40,489,3,12.2,4.4/5.4,,,,,,,148,,,,,74,810,5,10.9,4.4/6.0,,,,,,,9,9.30
84,Jordan Addison,WR,MIN,6,GB,114,2,111.6,WR35,40.5,2,81,1,42,610,3,14.5,3.0/5.6,,,,,,,160,6.2,2,11,,66,901,6,13.7,3.9/6.5,,,,,,,9,9.40
85,DK Metcalf,WR,PIT,9,ATL,158,24,83.5,WR36,6.0,2,12,1,59,850,6,14.4,3.9/6.6,,,,,,,157,,,,,63,896,6,14.2,3.7/6.4,,,,,,,8,9.50
86,Brock Purdy,QB,SF,8,@LAR,177,24,129.7,QB11,4.5,33,147,3,,,,,,2167,20,10,69%,31.6,11.0,323,4.4,66,289,3,,,,,,4390,31,12,67%,32.5,11.8,8,9.60
87,Patrick Mahomes II,QB,KC,5,DEN,285,27,140,QB12,6.6,64,422,5,1,-10,,-10.0,0.1/0.1,3587,22,11,63%,35.9,11.4,290,5.1,51,260,3,,,,,,4088,26,11,65%,32.8,11.1,8,9.70
88,Chris Godwin Jr.,WR,TB,10,@CIN,67,11,82,WR37,,,,,33,360,2,10.9,3.7/5.7,,,,,,,145,,,,,66,761,6,11.5,3.9/5.9,,,,,,,8,9.80
89,Quentin Johnston,WR,LAC,7,ARI,146,31,93.1,WR38,3.5,2,7,,51,735,8,14.4,3.6/6.1,,,,,,,146,4.5,2,8,,57,809,6,14.2,3.4/5.7,,,,,,,7,9.90
90,Josh Downs,WR,IND,13,BAL,107,17,90.7,WR39,-1.0,2,-2,,58,566,4,9.8,3.6/5.5,,,,,,,159,6.0,2,10,,80,821,6,10.3,4.7/6.9,,,,,,,7,10.00
91,RJ Harvey,RB,DEN,10,@KC,183,29,88.9,RB34,3.7,146,540,7,47,356,5,7.6,2.8/3.4,,,,,0.1,,147,4.1,115,473,4,46,342,3,7.4,2.7/3.5,,,,,,,7,10.10
92,Courtland Sutton,WR,DEN,10,@KC,183,29,92.7,WR40,,,,,74,1017,7,13.7,4.4/7.3,,,,,,,162,,,,,65,872,7,13.4,3.8/6.9,,,,,,,7,10.20
93,Jaxson Dart,QB,NYG,8,DAL,242,9,130.7,QB13,5.7,86,487,9,,,,,,2272,15,5,64%,24.2,10.5,314,5.6,105,584,6,,,,,,3749,23,11,65%,30.4,11.2,7,10.30
94,Michael Wilson,WR,ARI,14,@LAC,182,18,95.7,WR41,,,,,78,1006,7,12.9,4.6/7.4,,,,,,,137,,,,,62,760,5,12.3,3.6/6.1,,,,,,,7,10.40
95,Matthew Stafford,QB,LAR,11,SF,350,17,147.8,QB14,,29,1,,,,,,,4707,46,8,65%,35.1,12.1,313,1.3,28,35,,,,,,,4379,38,9,65%,33.6,11.8,6,10.50
96,Xavier Worthy,WR,KC,5,DEN,89,30,116,WR42,7.9,11,87,,42,532,1,12.7,3.0/5.2,,,,,,,162,6.8,17,116,1,61,835,5,13.7,3.6/6.1,,,,,,,6,10.60
97,Jared Goff,QB,DET,6,NO,297,18,155,QB15,2.4,19,45,,,,,,,4564,34,8,68%,34.0,11.6,304,1.7,25,43,1,,,,,,4595,33,11,68%,34.5,11.5,6,10.70
98,Michael Pittman Jr.,WR,PIT,9,ATL,162,24,92.2,WR43,,,,,80,784,7,9.8,4.7/6.5,,,,,,,149,,,,,78,795,5,10.2,4.6/7.2,,,,,,,6,10.80
99,Jordan Mason,RB,MIN,6,GB,122,10,102.6,RB35,4.8,159,758,6,14,51,,3.6,0.9/1.0,,,,,,,135,4.5,180,806,6,16,100,,6.2,0.9/1.3,,,,,,,6,10.90
100,Jacory Croskey-Merritt,RB,WAS,7,@PHI,136,2,106,RB36,4.6,175,805,8,9,68,,7.6,0.5/0.8,,,,,,,133,4.3,182,788,6,15,106,,7.1,0.9/1.1,,,,,,,6,11.00
101,Kyle Pitts Sr.,TE,ATL,11,@PIT,167,5,58.2,TE7,,,,,88,928,5,10.5,5.2/6.9,,,,,,,137,,,,,74,764,4,10.3,4.4/6.5,,,,,,,6,11.10
102,Stefon Diggs,WR,WAS,7,@PHI,168,16,118.6,WR44,,,,,85,1013,4,11.9,5.0/6.0,,,,,,,149,,,,,72,828,5,11.5,4.2/6.0,,,,,,,6,11.20
103,Bo Nix,QB,DEN,10,@KC,305,29,147.2,QB16,4.3,83,356,5,,,,,—/0.1,3931,25,11,63%,36.0,10.1,310,4.4,81,354,4,,,,,,4010,28,11,64%,33.6,10.8,6,11.30
104,Chuba Hubbard,RB,CAR,5,CHI,110,31,88.3,RB37,3.8,134,511,1,30,223,3,7.4,2.0/2.6,,,,,,,183,4.1,228,931,6,39,281,1,7.2,2.3/2.9,,,,,,,6,11.40
105,Kenneth Gainwell,RB,TB,10,@CIN,185,18,81,RB38,4.7,114,537,5,73,486,3,6.7,4.3/5.0,,,,,,,160,4.5,116,522,4,55,381,3,6.9,3.2/4.1,,,,,,,6,11.50
106,Harold Fannin Jr.,TE,CLE,11,@JAX,150,2,57.7,TE8,1.9,7,13,1,72,731,6,10.2,4.5/6.7,,,,,,,155,2.8,7,19,,87,855,4,9.8,5.1/7.5,,,,,,,6,11.60
107,Baker Mayfield,QB,TB,10,@CIN,272,28,170.2,QB17,6.9,55,382,1,,,,,,3693,26,11,63%,31.9,10.8,292,5.9,56,328,2,,,,,,3937,28,11,64%,31.0,11.2,6,11.70
108,Chris Rodriguez Jr.,RB,JAX,7,CLE,91,16,123.2,RB39,4.5,112,500,6,3,30,,10.0,0.2/0.3,,,,,,,95,4.4,109,481,6,4,31,1,7.2,0.3/0.4,,,,,,,6,11.80
109,George Kittle,TE,SF,8,@LAR,133,27,74.6,TE9,-3.0,1,-3,,57,628,7,11.0,5.2/6.3,,,,,,,137,,,,,67,732,5,10.9,4.2/5.6,,,,,,,6,11.90
110,Matthew Golden,WR,GB,11,@MIN,56,12,113.7,WR45,4.9,10,49,,29,361,,12.4,2.1/3.1,,,,,,,132,6.6,7,45,,58,747,4,12.9,3.4/5.8,,,,,,,6,12.00
111,Makai Lemon,WR,PHI,10,WAS,,1,96.8,WR46,,,,,,,,,,,,,,,,110,4.2,5,21,,47,602,4,12.8,2.8/4.6,,,,,,,6,12.10
112,Kyler Murray,QB,MIN,6,GB,78,7,161.1,QB18,6.0,29,173,1,,,,,,962,6,3,68%,32.2,8.7,278,6.1,78,474,3,,,,,,3614,22,10,68%,29.6,10.6,6,12.20
113,Jordan Love,QB,GB,11,@MIN,235,19,178.7,QB19,4.2,47,199,,,,,,,3381,23,6,66%,29.3,11.6,284,4.1,49,199,1,,,,,,4249,27,10,65%,31.8,11.8,6,12.30
114,KC Concepcion,WR,CLE,11,@JAX,,5,111,WR47,,,,,,,,,,,,,,,,135,5.5,5,28,,65,812,3,12.5,3.8/6.3,,,,,,,6,12.40
115,Kyle Monangai,RB,CHI,10,@CAR,138,26,99.4,RB40,4.6,169,783,5,18,164,,9.1,1.1/1.8,,,,,,,159,4.4,184,804,6,27,229,1,8.4,1.6/2.4,,,,,,,6,12.50
116,Dalton Kincaid,TE,BUF,7,@HOU,107,24,85.6,TE10,,,,,39,571,5,14.6,3.3/4.1,,,,,,,142,,,,,66,791,5,12.0,3.9/5.4,,,,,,,6,12.60
117,Alec Pierce,WR,IND,13,BAL,160,17,86,WR48,,,,,47,1003,6,21.3,3.1/5.6,,,,,,,144,,,,,55,865,5,15.9,3.2/5.5,,,,,,,6,12.70
118,Romeo Doubs,WR,NE,11,@SEA,138,28,128.5,WR49,,,,,55,724,6,13.2,3.4/5.3,,,,,,,141,,,,,62,797,5,12.9,3.6/5.4,,,,,,,6,12.80
119,Travis Kelce,TE,KC,5,DEN,155,14,82.8,TE11,1.0,1,1,,76,851,5,11.2,4.5/6.4,,,,,,,153,,,,,76,788,6,10.4,4.5/6.4,,,,,,,6,12.90
120,Jalen Coker,WR,CAR,5,CHI,74,20,131.4,WR50,,,,,33,394,3,11.9,3.0/3.9,,,,,,,176,,,,,83,980,6,11.8,4.9/7.4,,,,,,,5,13.00
121,Rachaad White,RB,WAS,7,@PHI,123,2,95.8,RB41,4.3,132,572,4,40,218,,5.4,2.4/2.6,,,,,,,151,4.2,144,608,4,47,308,2,6.6,2.8/3.3,,,,,,,5,13.10
122,Malik Willis,QB,MIA,6,@LV,51,26,183.2,QB20,5.6,22,123,2,,,,,,422,3,,86%,8.8,14.1,284,5.3,115,614,4,,,,,,3712,18,11,65%,30.8,10.8,5,13.20
123,De'Zhaun Stribling,WR,SF,8,@LAR,,26,156.5,WR51,,,,,,,,,,,,,,,,83,,,,,34,477,3,14.0,2.0/3.3,,,,,,,5,13.30
124,Wan'dale Robinson,WR,TEN,9,NYJ,172,7,103.1,WR52,1.7,3,5,,92,1014,4,11.0,5.8/8.8,,,,,,,125,5.4,7,37,,68,692,3,10.2,4.0/6.1,,,,,,,5,13.40
125,Jakobi Meyers,WR,JAX,7,CLE,138,4,118.7,WR53,2.6,5,13,,75,835,3,11.1,4.7/6.9,,,,,,,147,5.7,5,29,,70,786,5,11.2,4.1/6.5,,,,,,,5,13.50
126,Dallas Goedert,TE,PHI,10,WAS,155,1,92.1,TE12,,,,,60,591,11,9.8,4.0/5.5,,,,,,,139,,,,,67,691,6,10.3,3.9/5.4,,,,,,,5,13.60
127,Khalil Shakir,WR,BUF,7,@HOU,130,21,138.8,WR54,5.0,1,5,,72,719,4,10.0,4.5/5.9,,,,,,,137,6.0,2,10,,71,765,4,10.8,4.2/5.6,,,,,,,5,13.70
128,Mark Andrews,TE,BAL,13,@IND,107,3,97.8,TE13,4.8,10,48,1,48,422,5,8.8,2.8/4.1,,,,,,,166,3.4,9,28,1,66,703,9,10.7,3.9/5.4,,,,,,,5,13.80
129,Keaton Mitchell,RB,LAC,7,ARI,51,28,120.2,RB42,5.8,59,341,1,9,63,,7.0,0.7/0.9,,,,,,,99,4.7,71,331,3,27,224,2,8.3,1.6/2.2,,,,,,,5,13.90
130,Juwan Johnson,TE,NO,8,@DET,141,16,121.6,TE14,,,,,77,889,3,11.5,4.5/6.0,,,,,,,135,,,,,70,763,4,10.9,4.1/5.8,,,,,,,5,14.00
131,Isaiah Likely,TE,NYG,8,DAL,48,6,76.9,TE15,,,,,27,307,1,11.4,1.9/2.6,,,,,,,145,,,,,71,794,5,11.2,4.2/5.5,,,,,,,5,14.10
132,Aaron Jones Sr.,RB,MIN,6,GB,105,10,115.6,RB43,4.2,132,548,2,28,199,1,7.1,2.3/3.4,,,,,,,165,4.3,151,648,5,47,347,2,7.4,2.8/3.8,,,,,,,4,14.20
133,Tyler Shough,QB,NO,8,@DET,158,11,168.1,QB21,4.1,45,186,3,,,,,,2384,10,6,68%,29.7,10.8,293,4.3,72,312,4,,,,,,4033,24,10,67%,33.4,10.7,4,14.30
134,Daniel Jones,QB,IND,13,BAL,226,8,259.8,QB22,3.6,45,164,5,,,,,,3101,19,8,68%,29.5,11.9,289,4.1,64,263,4,,,,,,4013,25,11,68%,32.2,10.9,4,14.40
135,Jake Ferguson,TE,DAL,14,@NYG,147,10,99.4,TE16,1.0,1,1,,82,600,8,7.3,4.8/6.0,,,,,,,133,,,,,73,609,6,8.3,4.3/5.8,,,,,,,4,14.50
136,Rashid Shaheed,WR,SEA,11,NE,115,13,149.1,WR55,7.7,9,69,,59,687,2,11.6,3.3/5.1,,,,,,,127,6.6,12,79,1,53,623,4,11.8,3.1/5.2,,,,,,,4,14.60
137,Deebo Samuel Sr.,WR,SF,8,@LAR,152,26,159.2,WR56,4.4,17,75,1,72,727,5,10.1,4.5/6.2,,,,,,,145,4.4,24,106,1,57,694,5,12.2,3.4/5.0,,,,,,,4,14.70
138,Sam Darnold,QB,SEA,11,NE,235,13,241.9,QB23,2.7,35,95,,,,,,,4048,25,14,68%,28.1,12.5,273,3.0,41,125,1,,,,,,4212,27,11,67%,31.6,11.8,4,14.80
139,Tank Bigsby,RB,PHI,10,WAS,52,4,142.4,RB44,5.7,63,356,2,3,32,,10.7,0.2/0.2,,,,,,,83,4.6,93,423,4,13,99,,7.6,0.8/1.1,,,,,,,4,14.90
140,Brandon Aubrey,K,DAL,14,@NYG,,,139.1,K1,,,,,,,,,,,,,,,,184,,,,,,,,,,,,,,,,4,15.00
141,Tyjae Spears,RB,TEN,9,NYJ,89,14,141.1,RB45,3.9,72,283,2,45,264,,5.9,3.5/3.8,,,,,,,144,4.1,141,582,3,47,318,2,6.8,2.8/3.4,,,,,,,4,15.10
142,Jalen McMillan,WR,TB,10,@CIN,24,11,159.9,WR57,1.0,1,1,,12,178,,14.8,3.0/3.8,,,,,,,127,5.8,5,30,,53,680,5,12.9,3.1/4.8,,,,,,,4,15.20
143,Jordyn Tyson,WR,NO,8,@DET,,6,79.5,WR58,,,,,,,,,,,,,,,,105,,,,,49,568,4,11.6,4.9/7.1,,,,,,,4,15.30
144,Woody Marks,RB,HOU,8,BUF,139,11,138,RB46,3.6,196,703,3,24,208,3,8.7,1.5/2.3,,,,,,,114,4.1,145,587,3,23,196,1,8.5,1.4/2.0,,,,,,,3,15.40
145,Brenton Strange,TE,JAX,7,CLE,95,7,123.3,TE17,,,,,46,540,3,11.7,3.8/5.0,,,,,,,113,,,,,57,603,4,10.6,3.4/4.9,,,,,,,3,15.50
146,Keenan Allen,WR,IND,13,BAL,142,17,278,WR59,,,,,81,777,4,9.6,4.8/7.2,,,,,,,110,,,,,52,542,5,10.4,3.1/4.6,,,,,,,3,15.60
147,Mike Washington Jr.,RB,LV,13,MIA,,32,174.3,RB47,,,,,,,,,,,,,,,,74,4.1,108,440,3,10,73,,7.3,0.6/0.8,,,,,,,3,15.70
148,Tyler Allgeier,RB,ARI,14,@LAC,116,25,144.8,RB48,3.6,143,514,8,14,96,,6.9,0.8/0.9,,,,,,,87,3.9,112,440,4,16,108,,6.8,0.9/1.3,,,,,,,3,15.80
149,Kayshon Boutte,WR,HOU,8,BUF,108,3,283.5,WR60,,,,,33,551,6,16.7,2.4/3.3,,,,,,,118,,,,,55,671,4,12.3,3.2/4.9,,,,,,,3,15.90
150,Denzel Boston,WR,CLE,11,@JAX,,5,159.5,WR61,,,,,,,,,,,,,,,,116,,,,,57,691,3,12.1,3.4/5.8,,,,,,,3,16.00
151,C.J. Stroud,QB,HOU,8,BUF,209,6,303.4,QB24,4.4,48,209,1,,,,,,3041,19,8,65%,30.2,11.1,269,4.4,56,247,1,,,,,,3998,25,11,64%,32.1,11.2,3,16.10
152,Hunter Henry,TE,NE,11,@SEA,149,21,139.1,TE18,,,,,60,768,7,12.8,3.5/5.1,,,,,,,123,,,,,58,639,5,11.0,3.4/4.9,,,,,,,3,16.20
153,Ryan Flournoy,WR,DAL,14,@NYG,94,10,205.8,WR62,6.2,4,25,,40,475,4,11.9,2.5/3.5,,,,,,,102,5.5,3,19,,46,533,4,11.7,2.7/3.9,,,,,,,3,16.30
154,MarShawn Lloyd,RB,GB,11,@MIN,,17,140.7,RB49,2.5,6,,,1,,,3.0,1.0/1.0,,,,,,,65,4.1,88,357,3,9,65,,7.2,0.5/0.8,,,,,,,3,16.40
155,Tre Tucker,WR,LV,13,MIA,133,32,182.9,WR63,4.6,11,51,,57,696,5,12.2,3.4/5.4,,,,,,,110,5.6,12,67,,49,611,3,12.5,2.9/4.9,,,,,,,3,16.50
156,Jalen Nailor,WR,LV,13,MIA,86,32,166.7,WR64,6.5,2,13,,29,444,4,15.3,1.7/3.1,,,,,,,112,5.7,2,10,,46,640,4,13.9,2.7/4.8,,,,,,,3,16.60
157,Houston Texans,DST,HOU,8,BUF,,,141,DST32,,,,,,,,,,,,,,,,185,,,,,,,,,,,,,,,,3,16.70
158,Brian Robinson Jr.,RB,ATL,11,@PIT,59,12,163,RB50,4.3,92,400,2,8,25,,3.1,0.5/0.7,,,,,,,98,4.2,131,550,4,11,72,1,6.6,0.6/0.8,,,,,,,3,16.80
159,Seattle Seahawks,DST,SEA,11,NE,,,157,DST32,,,,,,,,,,,,,,,,181,,,,,,,,,,,,,,,,3,16.90
160,Los Angeles Rams,DST,LAR,11,SF,,,148,DST32,,,,,,,,,,,,,,,,189,,,,,,,,,,,,,,,,3,17.00
161,T.J. Hockenson,TE,MIN,6,GB,87,9,146.3,TE19,,1,,,51,438,3,8.6,3.4/4.4,,,,,,,128,,,,,77,650,4,8.4,4.5/6.2,,,,,,,2,17.10
162,Terrance Ferguson,TE,LAR,11,SF,47,15,148.8,TE20,,1,,,11,231,3,21.0,0.8/1.8,,,,,,,126,,,,,46,665,6,14.5,2.7/4.6,,,,,,,2,17.20
163,Dalton Schultz,TE,HOU,8,BUF,137,11,153.4,TE21,,,,,82,777,3,9.5,4.8/6.2,,,,,,,115,,,,,62,601,4,9.7,3.6/5.1,,,,,,,2,17.30
164,Ray Davis,RB,BUF,7,@HOU,53,30,174,RB51,4.7,58,275,,10,86,2,8.6,0.6/0.8,,,,,,,59,4.2,63,266,2,11,90,1,8.2,0.6/0.8,,,,,,,2,17.40
165,Chig Okonkwo,TE,WAS,7,@PHI,96,25,116.3,TE22,,,,,56,560,2,10.0,3.3/4.6,,,,,,,101,,,,,50,513,4,10.2,3.0/4.1,,,,,,,2,17.50
166,Jonah Coleman,RB,DEN,10,@KC,,29,131.1,RB52,,,,,,,,,,,,,,,,45,4.3,44,191,1,16,120,,7.7,0.9/1.3,,,,,,,2,17.60
167,Tre Harris,WR,LAC,7,ARI,,31,185.2,WR65,,,,,,,,,,,,,,,,93,,,,,40,487,4,12.2,2.4/4.0,,,,,,,2,17.70
168,Cam Ward,QB,TEN,9,NYJ,187,4,314.2,QB25,4.1,39,159,2,,,,,,3169,15,7,60%,31.8,9.8,253,4.2,44,187,2,,,,,,3800,23,11,63%,33.5,10.5,2,17.80
169,Bryce Young,QB,CAR,5,CHI,218,21,340,QB26,4.0,54,216,2,,,,,,3011,23,11,64%,29.9,9.9,267,4.8,59,282,2,,,,,,3859,24,12,64%,32.3,10.8,2,17.90
170,Ka'imi Fairbairn,K,HOU,8,BUF,,,199.3,K2,,,,,,,,,,,,,,,,178,,,,,,,,,,,,,,,,2,18.00
171,Cam Little,K,JAX,7,CLE,,,203.7,K3,,,,,,,,,,,,,,,,171,,,,,,,,,,,,,,,,2,18.10
172,Denver Broncos,DST,DEN,10,@KC,,,164,DST32,,,,,,,,,,,,,,,,177,,,,,,,,,,,,,,,,2,18.20
173,Ja'Kobi Lane,WR,BAL,13,@IND,,19,270.8,WR66,,,,,,,,,,,,,,,,60,,,,,25,356,2,14.2,1.5/2.7,,,,,,,2,18.30
174,Pat Bryant,WR,DEN,10,@KC,59,29,279.8,WR67,,,,,31,378,1,12.2,2.1/3.3,,,,,,,68,,,,,33,396,2,12.0,1.9/3.4,,,,,,,2,18.40
175,Calvin Ridley,WR,TEN,9,NYJ,39,7,279,WR68,,,,,17,303,,17.8,2.4/5.1,,,,,,,121,5.5,5,28,,46,707,4,15.3,2.7/5.2,,,,,,,2,18.50
176,Jason Myers,K,SEA,11,NE,,,197.2,K4,,,,,,,,,,,,,,,,172,,,,,,,,,,,,,,,,2,18.60
177,Cameron Dicker,K,LAC,7,ARI,,,187.4,K5,,,,,,,,,,,,,,,,165,,,,,,,,,,,,,,,,2,18.70
178,Adonai Mitchell,WR,NYJ,13,@TEN,73,23,209.8,WR69,-4.0,1,-4,,33,453,2,13.7,2.1/4.6,,,,,,,91,4.8,3,16,,39,519,3,13.3,2.3/4.1,,,,,,,2,18.80
179,Devaughn Vele,WR,NO,8,@DET,54,6,333.6,WR70,,,,,25,293,2,11.7,1.9/3.0,,,,,,,81,,,,,41,421,3,10.3,2.4/3.6,,,,,,,2,18.90
180,Jauan Jennings,WR,MIN,6,GB,146,2,230.7,WR71,,,,,55,643,9,11.7,3.7/6.0,,,,,,,109,,,,,53,586,4,11.1,3.1/4.8,,,,,,,2,19.00
181,Dylan Sampson,RB,CLE,11,@JAX,71,7,147.7,RB53,2.7,65,175,,33,271,2,8.2,2.2/2.7,,,,,,,76,4.1,65,264,1,31,221,1,7.2,1.8/2.4,,,,,,,2,19.10
182,Caleb Douglas,WR,MIA,6,@LV,,22,289.7,WR72,,,,,,,,,,,,,,,,103,,,,,47,612,3,13.1,2.8/4.6,,,,,,,2,19.20
183,Travis Hunter,WR,JAX,7,CLE,50,4,178.7,WR73,,1,,,28,298,1,10.6,4.0/6.4,,,,,,,74,5.9,3,20,,36,416,2,11.6,2.1/3.4,,,,,,,2,19.30
184,Cyrus Allen,WR,KC,5,DEN,,30,248.2,WR74,,,,,,,,,,,,,,,,57,,,,,24,330,2,13.5,1.4/2.8,,,,,,,2,19.40
185,Pat Freiermuth,TE,PIT,9,ATL,93,12,194.9,TE23,,,,,41,486,4,11.9,2.4/3.2,,,,,,,126,,,,,62,654,5,10.5,3.6/5.1,,,,,,,2,19.50
186,Dontayvion Wicks,WR,PHI,10,WAS,61,1,228.8,WR75,6.0,1,6,,30,332,2,11.1,2.1/3.3,,,,,,,63,,,,,30,363,2,12.1,1.8/3.0,,,,,,,1,19.60
187,Jaylin Noel,WR,HOU,8,BUF,55,3,323.6,WR76,2.0,6,12,,26,292,2,11.2,1.5/2.1,,,,,,,78,5.5,5,28,,36,396,3,11.0,2.1/3.4,,,,,,,1,19.70
188,Alvin Kamara,RB,NO,8,@DET,84,3,158.8,RB54,3.6,131,471,1,33,186,,5.6,3.0/3.5,,,,,,,109,3.9,121,477,2,38,245,1,6.4,2.2/2.8,,,,,,,1,19.80
189,Isaac TeSlaa,WR,DET,6,NO,68,14,239.2,WR77,,,,,16,239,6,14.9,0.9/1.6,,,,,,,79,,,,,30,403,4,13.4,1.8/3.0,,,,,,,1,19.90
190,Aaron Rodgers,QB,PIT,9,ATL,227,25,349,QB27,2.9,21,61,1,1,-9,,-9.0,0.1/0.1,3322,24,7,66%,31.1,10.2,248,3.1,24,74,1,,,,,,3962,24,10,65%,33.9,10.5,1,20.00
191,Isiah Pacheco,RB,DET,6,NO,78,1,148.3,RB55,3.9,118,462,1,19,101,1,5.3,1.5/2.0,,,,,,,88,4.2,111,470,4,15,98,,6.6,0.9/1.2,,,,,,,1,20.10
192,Tyrone Tracy Jr.,RB,NYG,8,DAL,143,9,126.3,RB56,4.2,176,740,2,36,288,2,8.0,2.4/3.2,,,,,,,70,4.2,62,262,2,20,153,1,7.7,1.2/1.5,,,,,,,1,20.20
193,Jaydon Blue,RB,DAL,14,@NYG,20,5,163.1,RB57,3.4,38,129,1,1,5,,5.0,0.2/0.2,,,,,,,56,4.2,69,285,3,8,57,,7.0,0.5/0.6,,,,,,,1,20.30
194,Cade Otton,TE,TB,10,@CIN,93,32,215.7,TE24,,,,,59,572,1,9.7,3.7/5.1,,,,,,,79,,,,,45,441,2,9.9,2.6/3.7,,,,,,,1,20.40
195,Omar Cooper Jr.,WR,NYJ,13,@TEN,,23,181,WR78,,,,,,,,,,,,,,,,106,5.8,2,10,,48,628,3,13.1,2.8/4.4,,,,,,,1,20.50
196,Jerry Jeudy,WR,CLE,11,@JAX,96,5,207,WR79,5.0,1,5,,50,602,2,12.0,2.9/6.2,,,,,,,95,,,,,42,556,3,13.2,2.5/4.6,,,,,,,1,20.60
197,Zach Charbonnet,RB,SEA,11,NE,171,6,134,RB58,4.0,184,730,12,20,144,,7.2,1.3/1.5,,,,,,,130,4.1,146,597,7,18,137,1,7.6,1.5/2.0,,,,,,,1,20.70
198,Rashod Bateman,WR,BAL,13,@IND,46,19,314.7,WR80,,,,,19,224,2,11.8,1.5/2.9,,,,,,,107,,,,,41,622,4,15.2,2.4/4.4,,,,,,,1,20.80
199,Sean Tucker,RB,TB,10,@CIN,87,18,208.9,RB59,3.7,86,320,7,8,34,1,4.2,0.5/0.6,,,,,,,43,4.1,53,218,3,3,17,,5.5,0.2/0.2,,,,,,,1,20.90
200,Emmett Johnson,RB,KC,5,DEN,,22,165,RB60,,,,,,,,,,,,,,,,55,4.2,63,267,2,13,98,,7.5,0.8/0.9,,,,,,,1,21.00
201,Samaje Perine,RB,CIN,6,TB,69,27,271.8,RB61,4.5,84,382,3,17,87,,5.1,1.1/1.4,,,,,,,97,4.4,98,432,3,25,175,1,7.1,1.4/1.8,,,,,,,1,21.10
202,Malachi Fields,WR,NYG,8,DAL,,9,297.8,WR81,,,,,,,,,,,,,,,,65,,,,,32,365,2,11.4,1.9/3.1,,,,,,,1,21.20
203,Jacoby Brissett,QB,ARI,14,@LAC,227,15,338.3,QB28,4.4,38,168,1,,,,,,3366,23,8,65%,34.6,10.7,186,4.4,34,149,1,,,,,,3026,16,10,64%,34.1,10.8,1,21.30
204,Minnesota Vikings,DST,MIN,6,GB,,,191,DST32,,,,,,,,,,,,,,,,164,,,,,,,,,,,,,,,,1,21.40
205,Jacksonville Jaguars,DST,JAC,7,CLE,,,188,DST32,,,,,,,,,,,,,,,,152,,,,,,,,,,,,,,,,1,21.50
206,Pittsburgh Steelers,DST,PIT,9,ATL,,,190,DST32,,,,,,,,,,,,,,,,152,,,,,,,,,,,,,,,,1,21.60
207,Los Angeles Chargers,DST,LAC,7,ARI,,,197,DST32,,,,,,,,,,,,,,,,163,,,,,,,,,,,,,,,,1,21.70
208,Baltimore Ravens,DST,BAL,13,@IND,,,201,DST32,,,,,,,,,,,,,,,,153,,,,,,,,,,,,,,,,1,21.80
209,Najee Harris,RB,NYG,8,DAL,10,9,317.6,RB62,4.1,15,61,,3,25,,8.3,1.0/1.0,,,,,,,55,4.0,68,272,2,12,92,,7.5,0.7/0.9,,,,,,,1,21.90
210,James Conner,RB,ARI,14,@LAC,29,25,235.6,RB63,3.0,32,95,1,8,38,1,4.8,2.7/3.0,,,,,,,48,4.0,70,277,2,7,46,,6.6,0.4/0.6,,,,,,,1,22.00
211,Zachariah Branch,WR,ATL,11,@PIT,,15,238,WR82,,,,,,,,,,,,,,,,75,,,,,42,483,1,11.5,2.5/3.9,,,,,,,1,22.10
212,Seth McGowan,RB,IND,13,BAL,,13,275.7,RB64,,,,,,,,,,,,,,,,34,4.1,38,156,1,10,70,,7.1,0.6/0.7,,,,,,,1,22.20
213,Tank Dell,WR,HOU,8,BUF,,3,195.9,WR83,4.8,9,,,51,,,13.1,3.6/5.8,,,,,,,57,5.0,7,34,,24,299,2,12.5,1.4/2.4,,,,,,,1,22.30
214,Germie Bernard,WR,PIT,9,ATL,,24,314,WR84,,,,,,,,,,,,,,,,85,,,,,44,448,3,10.2,2.6/4.2,,,,,,,1,22.40
215,Kaelon Black,RB,SF,8,@LAR,,15,177.5,RB65,,,,,,,,,,,,,,,,31,4.1,45,185,1,5,40,,7.4,0.3/0.4,,,,,,,1,22.50
216,Braelon Allen,RB,NYJ,13,@TEN,14,23,175.3,RB66,4.2,18,76,1,2,17,,8.5,0.5/0.8,,,,,,,89,4.2,110,464,4,15,108,,7.0,0.9/1.2,,,,,,,1,22.60
217,Jake Bates,K,DET,6,NO,,,240.8,K6,,,,,,,,,,,,,,,,160,,,,,,,,,,,,,,,,1,22.70
218,Greg Dulcich,TE,MIA,6,@LV,50,28,151.9,TE25,-7.0,1,-7,,26,335,1,12.9,2.6/3.3,,,,,,,116,,,,,58,630,4,10.9,3.4/4.6,,,,,,,1,22.80
219,Colby Parkinson,TE,LAR,11,SF,108,15,264.2,TE26,,,,,43,408,8,9.5,2.9/3.7,,,,,,,80,,,,,37,372,4,10.1,2.2/3.1,,,,,,,1,22.90
220,Kenyon Sadiq,TE,NYJ,13,@TEN,,31,133.9,TE27,,,,,,,,,,,,,,,,116,,,,,61,616,4,10.1,3.6/4.8,,,,,,,1,23.00
221,AJ Barner,TE,SEA,11,NE,121,17,168.2,TE28,1.4,10,14,1,52,519,6,10.0,3.1/4.0,,,,,,,103,2.6,9,22,1,47,473,4,10.0,2.8/3.9,,,,,,,1,23.10
222,Jaylen Wright,RB,MIA,6,@LV,46,20,261.6,RB67,4.1,70,288,2,5,44,,8.8,0.5/0.9,,,,,,,45,4.1,51,211,2,10,72,,7.2,0.6/0.8,,,,,,,1,23.20
223,Malik Davis,RB,DAL,14,@NYG,40,5,297.5,RB68,4.8,52,250,2,2,16,,8.0,0.2/0.5,,,,,,,25,4.4,33,147,1,3,26,,7.6,0.2/0.3,,,,,,,1,23.30
224,Jordan James,RB,SF,8,@LAR,,15,182.5,RB69,,,,,,,,,,,,,,,,43,4.2,68,284,1,7,52,,7.4,0.4/0.6,,,,,,,1,23.40
225,Mike Gesicki,TE,CIN,6,TB,57,4,326.2,TE29,,,,,28,307,2,11.0,2.2/3.2,,,,,,,90,,,,,44,443,4,10.1,2.6/3.8,,,,,,,1,23.50
226,Oronde Gadsden II,TE,LAC,7,ARI,107,22,129.4,TE30,,,,,49,664,3,13.6,3.3/4.6,,,,,,,89,,,,,44,490,3,11.1,2.6/3.5,,,,,,,1,23.60
227,Fernando Mendoza,QB,LV,13,MIA,,32,350,QB29,,,,,,,,,,,,,,,,134,4.2,27,113,2,,,,,,2026,12,9,63%,33.2,10.7,1,23.70
228,Cooper Kupp,WR,SEA,11,NE,93,13,317.7,WR85,,,,,47,593,2,12.6,2.9/4.4,,,1,,0.1,,76,,,,,36,404,3,11.2,2.1/3.3,,,,,,,1,23.80
229,Gunnar Helm,TE,TEN,9,NYJ,70,8,168.2,TE31,,,,,44,357,2,8.1,2.8/3.4,,,,,,,88,,,,,52,445,3,8.6,3.0/4.3,,,,,,,1,23.90
230,Tua Tagovailoa,QB,ATL,11,@PIT,161,14,350,QB30,2.2,20,43,,,,,,,2660,20,15,68%,27.4,10.2,141,2.6,11,29,,,,,,,2494,14,9,68%,31.7,10.5,1,24.00
231,Kaytron Allen,RB,WAS,7,@PHI,,2,177.9,RB70,,,,,,,,,,,,,,,,15,4.2,27,113,,3,21,,7.0,0.2/0.2,,,,,,,1,24.10
232,Malik Washington,WR,MIA,6,@LV,88,22,205.6,WR86,6.5,17,110,1,46,317,3,6.9,2.7/3.8,,,,,,,94,5.9,15,90,1,48,432,2,9.1,2.8/4.1,,,,,,,1,24.20
233,Justice Hill,RB,BAL,13,@IND,55,19,216.2,RB71,5.2,18,93,2,21,169,1,8.0,2.1/2.7,,,,,,,83,4.6,45,210,1,36,318,1,8.8,2.1/2.9,,,,,,,1,24.30
234,Emanuel Wilson,RB,SEA,11,NE,87,6,213.5,RB72,4.0,125,496,3,15,99,,6.6,0.9/1.0,,,,,,,22,4.2,33,138,,7,48,,6.9,0.4/0.6,,,,,,,1,24.40
235,Geno Smith,QB,NYJ,13,@TEN,174,31,348.9,QB31,2.7,41,109,,,,,,,3025,19,17,67%,29.9,10.0,230,3.8,53,203,1,,,,,,3840,19,13,67%,31.9,10.6,1,24.50
236,Andrei Iosivas,WR,CIN,6,TB,73,8,318.5,WR87,4.7,3,14,,33,435,2,13.2,1.9/3.4,,,,,,,69,,,,,29,367,3,12.7,1.7/2.9,,,,,,,1,24.60
237,Jahan Dotson,WR,ATL,11,@PIT,41,15,328,WR88,,,,,18,262,1,14.6,1.1/2.1,,,,,,,71,,,,,33,428,2,13.0,1.9/3.6,,,,,,,1,24.70
238,Charlie Kolar,TE,LAC,7,ARI,31,22,279.5,TE32,,,,,10,142,2,14.2,0.6/0.9,,,,,,,49,,,,,23,252,2,11.0,1.4/2.0,,,,,,,1,24.80
239,Xavier Hutchinson,WR,HOU,8,BUF,81,3,303,WR89,7.3,3,22,,35,428,3,12.2,2.1/3.4,,,,,,,36,5.8,2,10,,18,203,1,11.3,1.1/1.9,,,,,,,1,24.90
240,Darren Waller,TE,CAR,5,CHI,77,23,321.6,TE33,4.0,1,4,,24,283,6,11.8,2.7/3.8,,,,,,,91,,,,,40,412,5,10.3,2.4/3.4,,,,,,,1,25.00
241,Michael Mayer,TE,LV,13,MIA,56,18,308.7,TE34,,,,,35,328,1,9.4,2.7/3.8,,,,,,,81,,,,,43,416,3,9.7,2.5/3.6,,,,,,,1,25.10
242,Ted Hurst,WR,TB,10,@CIN,,11,279.1,WR90,,,,,,,,,,,,,,,,48,,,,,20,265,2,13.6,1.1/1.8,,,,,,,1,25.20
243,Eddy Pineiro,K,SF,8,@LAR,,,223.6,K7,,,,,,,,,,,,,,,,151,,,,,,,,,,,,,,,,1,25.30
244,Mack Hollins,WR,NE,11,@SEA,90,28,394,WR91,4.0,1,4,,46,550,2,12.0,3.1/4.3,,,,,,,45,,,,,23,274,1,11.8,1.4/2.0,,,,,,,1,25.40
245,Darnell Mooney,WR,NYG,8,DAL,66,9,305.4,WR92,,,,,32,443,1,13.8,2.1/4.8,,,,,,,52,,,,,23,288,2,12.5,1.4/2.6,,,,,,,1,25.50
246,Demond Claiborne,RB,MIN,6,GB,,10,177.4,RB73,,,,,,,,,,,,,,,,25,4.3,33,142,1,4,24,,6.0,0.2/0.3,,,,,,,1,25.60
247,Jalen Tolbert,WR,MIA,6,@LV,37,22,348.7,WR93,,,,,18,203,1,11.3,1.4/2.6,,,,,,,74,,,,,38,431,2,11.4,2.2/3.8,,,,,,,1,25.70
248,Chimere Dike,WR,TEN,9,NYJ,90,7,292,WR94,1.6,11,18,,48,423,4,8.8,2.8/4.4,,,,,,,54,5.2,12,62,,23,238,2,10.3,1.4/2.1,,,,,,,1,25.80
249,Nicholas Singleton,RB,TEN,9,NYJ,,14,187,RB74,,,,,,,,,,,,,,,,20,4.2,25,105,1,3,22,,7.3,0.2/0.2,,,,,,,1,25.90
250,Kalif Raymond,WR,CHI,10,@CAR,49,27,279,WR95,9.5,2,19,,24,289,1,12.0,1.6/2.0,,,,,,,40,5.8,3,20,,21,214,1,10.2,1.2/1.8,,,,,,,1,26.00
251,Christian Kirk,WR,SF,8,@LAR,44,26,313.6,WR96,,,,,28,239,1,8.5,2.2/4.0,,,,,,,42,,,,,20,262,1,13.0,1.2/1.9,,,,,,,1,26.10
252,Tyquan Thornton,WR,KC,5,DEN,71,30,345.1,WR97,,,,,19,438,3,23.1,1.4/2.6,,,,,,,66,,,,,27,407,2,15.1,1.6/3.1,,,,,,,1,26.20
253,Kendrick Bourne,WR,ARI,14,@LAC,74,18,330.5,WR98,,,,,37,551,,14.9,2.3/3.3,,,,,,,48,,,,,23,248,2,10.8,1.4/2.2,,,,,,,1,26.30
254,Philadelphia Eagles,DST,PHI,10,WAS,,,181,DST32,,,,,,,,,,,,,,,,150,,,,,,,,,,,,,,,,1,26.40
255,Tyler Loop,K,BAL,13,@IND,,,241.5,K8,,,,,,,,,,,,,,,,155,,,,,,,,,,,,,,,,1,26.50
256,David Njoku,TE,LAC,7,ARI,70,22,244.3,TE35,,,,,33,293,4,8.9,2.8/4.0,,,,,,,57,,,,,26,266,3,10.4,1.5/2.1,,,,,,,1,26.60
257,Evan Engram,TE,DEN,10,@KC,78,20,268.5,TE36,7.0,1,7,,50,461,1,9.2,3.1/4.8,,,,,,,73,,,,,43,400,2,9.3,2.5/3.7,,,,,,,1,26.70
258,Darius Slayton,WR,NYG,8,DAL,80,9,330.5,WR99,,,,,37,538,1,14.5,2.6/4.5,,,,,,,61,,,,,26,357,2,13.7,1.5/2.8,,,,,,,1,26.80
259,Kimani Vidal,RB,LAC,7,ARI,110,28,195.2,RB75,4.1,155,643,3,16,136,1,8.5,1.2/1.7,,,,,,,34,4.1,42,173,1,9,64,,7.1,0.5/0.8,,,,,,,1,26.90
260,Evan McPherson,K,CIN,6,TB,,,298.1,K9,,,,,,,,,,,,,,,,158,,,,,,,,,,,,,,,,1,27.00
261,Jack Bech,WR,LV,13,MIA,32,32,336.6,WR100,,,,,20,224,,11.2,1.3/1.8,,,,,,,65,,,,,32,371,2,11.6,1.9/3.1,,,,,,,1,27.10
262,Troy Franklin,WR,DEN,10,@KC,145,29,344,WR101,2.4,5,12,,65,709,6,10.9,3.8/6.1,,,,,,,42,5.2,3,18,,16,200,2,12.4,0.9/1.5,,,,,,,1,27.20
263,Deshaun Watson,QB,CLE,11,@JAX,,2,350,QB32,4.8,31,,,,,,,,,,,,30.9,8.4,102,4.3,22,94,1,,,,,,1662,8,6,62%,28.8,10.3,1,27.30
264,Joshua Palmer,WR,BUF,7,@HOU,41,21,350,WR102,,,,,22,303,,13.8,1.8/3.1,,,,,,,34,,,,,16,196,1,12.3,0.9/1.6,,,,,,,1,27.40
265,Antonio Williams,WR,WAS,7,@PHI,,16,350,WR103,5.2,12,,,1,,,20.0,1.0/1.0,,,,,,,50,5.0,3,15,,21,262,2,12.5,1.2/2.0,,,,,,,1,27.50
266,Chris Brooks,RB,GB,11,@MIN,26,17,301,RB76,3.9,27,106,,13,91,,7.0,0.8/1.0,,,,,,,38,4.2,24,100,1,13,92,1,7.1,0.8/1.1,,,,,,,1,27.60
267,Dawson Knox,TE,BUF,7,@HOU,86,24,335,TE37,,,,,36,417,4,11.6,2.1/2.9,,,,,,,45,,,,,21,228,2,10.8,1.2/1.9,,,,,,,1,27.70
268,Darnell Washington,TE,PIT,9,ATL,58,12,345.6,TE38,,,,,31,364,1,11.7,1.9/2.7,,,,,,,64,,,,,32,363,2,11.3,1.9/2.8,,,,,,,1,27.80
269,Chris Boswell,K,PIT,9,ATL,,,313.2,K10,,,,,,,,,,,,,,,,144,,,,,,,,,,,,,,,,1,27.90
270,Marvin Mims Jr.,WR,DEN,10,@KC,69,29,236,WR104,6.5,12,78,1,37,322,1,8.7,2.5/3.4,,,,,,,51,4.9,5,25,,22,252,2,11.5,1.3/1.7,,,,,,,1,28.00
271,Greg Dortch,WR,DET,6,NO,61,14,273,WR105,2.1,7,15,1,29,206,3,7.1,2.4/2.8,,,,,,,46,4.5,5,23,,25,247,1,9.8,1.5/2.0,,,,,,,1,28.10
272,Chris Bell,WR,MIA,6,@LV,,22,299.6,WR106,,,,,,,,,,,,,,,,89,,,,,40,567,2,14.3,2.3/3.9,,,,,,,1,28.20
273,Xavier Legette,WR,CAR,5,CHI,72,20,410,WR107,,1,,,35,363,3,10.4,2.3/4.3,,,,,,,74,5.0,2,9,,35,375,3,10.7,2.1/3.9,,,,,,,1,28.30
274,Bryce Lance,WR,NO,8,@DET,,6,350,WR108,,,,,,,,,,,,,,,,34,,,,,17,195,1,11.6,1.0/1.6,,,,,,,1,28.40
275,Will Reichard,K,MIN,6,GB,,,248.9,K11,,,,,,,,,,,,,,,,152,,,,,,,,,,,,,,,,1,28.50
276,Treylon Burks,WR,WAS,7,@PHI,24,16,313,WR109,,,,,10,130,1,13.0,1.3/2.8,,,,,,,52,,,,,22,292,2,13.3,1.3/2.3,,,,,,,1,28.60
277,Harrison Butker,K,KC,5,DEN,,,325.3,K12,,,,,,,,,,,,,,,,149,,,,,,,,,,,,,,,,1,28.70
278,Harrison Mevis,K,LAR,11,SF,,,216.3,K13,,,,,,,,,,,,,,,,150,,,,,,,,,,,,,,,,1,28.80
279,Chase McLaughlin,K,TB,10,@CIN,,,282.2,K14,,,,,,,,,,,,,,,,150,,,,,,,,,,,,,,,,1,28.90
280,Chicago Bears,DST,CHI,10,@CAR,,,209,DST32,,,,,,,,,,,,,,,,151,,,,,,,,,,,,,,,,1,29.00
281,New England Patriots,DST,NE,11,@SEA,,,178,DST32,,,,,,,,,,,,,,,,149,,,,,,,,,,,,,,,,1,29.10
282,Elic Ayomanor,WR,TEN,9,NYJ,96,7,319.5,WR110,,,,,41,515,4,12.6,2.6/5.6,,,,,,,42,,,,,17,218,2,12.7,1.0/1.9,,,,,,,1,29.20
283,Noah Gray,TE,KC,5,DEN,28,14,377,TE39,,,,,21,178,,8.5,1.3/2.3,,,,,,,46,,,,,27,266,1,9.7,1.6/2.4,,,,,,,1,29.30
284,KaVontae Turpin,WR,DAL,14,@NYG,72,10,253,WR111,5.2,17,89,,26,396,2,15.2,1.7/2.5,,,,,,,49,5.9,17,100,,15,191,2,13.0,0.9/1.4,,,,,,,1,29.40
285,Tez Johnson,WR,TB,10,@CIN,78,11,389,WR112,3.1,7,22,,28,322,5,11.5,1.8/2.8,,,,,,,21,5.9,3,20,,8,90,1,11.7,0.5/0.7,,,,,,,1,29.50
286,Cole Kmet,TE,CHI,10,@CAR,64,30,395,TE40,,,,,30,347,2,11.6,1.9/3.0,,,,,0.1,,63,,,,,29,309,3,10.7,1.7/2.5,,,,,,,1,29.60
287,George Holani,RB,SEA,11,NE,14,6,211.4,RB77,3.3,22,73,1,2,15,,7.5,0.2/0.2,,,,,,,23,4.1,37,150,,7,45,,6.8,0.4/0.5,,,,,,,1,29.70
288,Emari Demercado,RB,KC,5,DEN,52,22,277.3,RB78,7.1,44,312,,13,101,1,7.8,1.0/1.5,,,,,,,34,4.2,41,172,1,8,65,,8.1,0.5/0.6,,,,,,,1,29.80
289,Trey Smack,K,GB,11,@MIN,,,,K15,,,,,,,,,,,,,,,,136,,,,,,,,,,,,,,,,1,29.90
290,Demarcus Robinson,WR,SF,8,@LAR,47,26,266,WR113,6.0,1,6,,22,276,1,12.5,1.6/2.5,,,,,,,10,,,,,5,72,,14.8,0.3/0.5,,,,,,,1,30.00
291,Kirk Cousins,QB,LV,13,MIA,104,32,350,QB33,0.5,14,7,1,,,,,,1721,10,5,62%,24.5,10.4,108,1.7,9,14,,,,,,,1919,11,7,66%,34.8,10.5,1,30.10
292,Isaiah Davis,RB,NYJ,13,@TEN,61,23,334.7,RB79,5.5,43,236,1,21,186,,8.9,1.3/1.8,,,,,,,32,4.7,29,134,1,10,76,,7.6,0.6/0.8,,,,,,,1,30.20
293,Dallas Cowboys,DST,DAL,14,@NYG,,,240,DST32,,,,,,,,,,,,,,,,115,,,,,,,,,,,,,,,,1,30.30
294,Theo Johnson,TE,NYG,8,DAL,105,6,341.6,TE41,,,,,45,528,5,11.7,3.0/4.9,,,,,,,60,,,,,30,326,2,10.8,1.8/2.6,,,,,,,1,30.40
295,Demario Douglas,WR,NE,11,@SEA,80,28,329,WR114,3.0,7,21,,31,447,3,14.4,1.8/2.7,,,,,,,59,5.2,5,27,,26,315,2,12.0,1.5/2.2,,,,,,,1,30.50
296,Marquise Brown,WR,PHI,10,,113,1,349,WR115,,,,,49,587,5,12.0,3.1/4.6,,,,,,,24,,,,,11,121,1,11.0,0.6/1.1,,,,,,,1,30.60
297,Adam Randall,RB,BAL,13,@IND,,19,273.2,RB80,,,,,,,,,,,,,,,,20,4.1,21,86,1,4,30,,7.4,0.2/0.4,,,,,,,1,30.70
298,Shedeur Sanders,QB,CLE,11,@JAX,85,2,350,QB34,8.0,21,169,1,,,,,,1400,7,10,57%,26.5,11.7,126,5.1,25,128,1,,,,,,2068,9,6,62%,29.8,11.1,1,30.80
299,Kansas City Chiefs,DST,KC,5,DEN,,,225,DST32,,,,,,,,,,,,,,,,125,,,,,,,,,,,,,,,,1,30.90
300,New York Giants,DST,NYG,8,DAL,,,233,DST32,,,,,,,,,,,,,,,,133,,,,,,,,,,,,,,,,1,31.00
301,Trevor Etienne,RB,CAR,5,CHI,12,31,288,RB81,4.7,20,94,,3,13,,4.3,0.2/0.2,,,,,,,12,4.2,19,78,,3,22,,7.1,0.2/0.2,,,,,,,1,31.10
302,Jarquez Hunter,RB,LAR,11,SF,,8,278,RB82,,,,,,,,,,,,,,,,6,4.4,8,35,,2,14,,7.2,0.1/0.2,,,,,,,1,31.20
303,Buffalo Bills,DST,BUF,7,@HOU,,,223,DST32,,,,,,,,,,,,,,,,146,,,,,,,,,,,,,,,,1,31.30
304,San Francisco 49ers,DST,SF,8,@LAR,,,238,DST32,,,,,,,,,,,,,,,,126,,,,,,,,,,,,,,,,1,31.40
305,Ollie Gordon II,RB,MIA,6,@LV,51,20,303.8,RB83,2.8,70,199,3,7,32,1,4.6,0.4/0.5,,,,,,,36,4.1,46,189,2,4,28,,7.1,0.2/0.4,,,,,,,1,31.50
306,Devin Singletary,RB,NYG,8,DAL,100,9,402,RB84,3.7,119,437,5,18,151,,8.4,1.1/1.1,,,,,,,12,4.0,22,87,,3,19,,6.5,0.2/0.2,,,,,,,1,31.60
307,Elijah Sarratt,WR,BAL,13,@IND,,19,346,WR116,,,,,,,,,,,,,,,,39,,,,,18,237,1,13.2,1.1/1.8,,,,,,,1,31.70
308,Daniel Bellinger,TE,TEN,9,NYJ,50,8,296,TE42,,,,,19,286,2,15.1,1.2/1.6,,,,,,,26,,,,,14,127,1,8.9,0.8/1.2,,,,,,,1,31.80
309,Cairo Santos,K,CHI,10,@CAR,,,337.9,K16,,,,,,,,,,,,,,,,138,,,,,,,,,,,,,,,,1,31.90
310,Noah Fant,TE,NO,8,@DET,58,16,304,TE43,,,,,34,288,3,8.5,2.3/2.7,,,,,,,49,,,,,25,242,2,9.7,1.5/2.1,,,,,,,1,32.00
311,Ty Johnson,RB,BUF,7,@HOU,88,30,339.2,RB85,4.0,50,200,3,24,263,2,11.0,1.4/1.9,,,,,,,64,4.2,38,159,1,20,195,2,9.8,1.2/1.6,,,,,,,1,32.10
312,Keon Coleman,WR,BUF,7,@HOU,83,21,336.5,WR117,,,,,38,404,4,10.6,2.9/4.5,,,,,,,49,,,,,20,269,2,13.4,1.2/2.1,,,,,,,1,32.20
313,Brandon Aiyuk,WR,SF,8,@LAR,,26,198,WR118,,,,,,,,,,,,,,,,88,,,,,39,507,3,13.0,2.3/3.5,,,,,,,1,32.30
314,Jake Tonges,TE,SF,8,@LAR,76,27,207,TE44,,,,,34,293,5,8.6,2.0/2.7,,,,,,,33,,,,,18,182,1,10.1,1.1/1.5,,,,,,,1,32.40
315,Eli Raridon,TE,NE,11,@SEA,,21,327,TE45,,,,,,,,,,,,,,,,35,,,,,18,201,1,10.9,1.1/1.6,,,,,,,1,32.50
316,Elijah Arroyo,TE,SEA,11,NE,29,17,393,TE46,,,,,15,179,1,11.9,1.2/2.0,,,,,,,50,,,,,23,263,2,11.4,1.4/2.1,,,,,,,1,32.60
317,Brashard Smith,RB,KC,5,DEN,51,22,409,RB86,3.4,44,151,,25,172,1,6.9,1.5/2.1,,,,,,,8,4.1,7,28,,4,28,,7.6,0.2/0.3,,,,,,,1,32.70
318,Skyler Bell,WR,BUF,7,@HOU,,21,329,WR119,,,,,,,,,,,,,,,,20,,,,,8,104,1,13.3,0.5/0.8,,,,,,,1,32.80
319,Tutu Atwell,WR,MIA,6,@LV,28,22,360,WR120,,,,,6,192,1,32.0,0.6/1.5,,,,,,,32,5.3,2,9,,13,181,1,13.5,0.8/1.4,,,,,,,1,32.90
320,Erick All Jr.,TE,CIN,6,TB,,4,271,TE47,,,,,20,,,7.9,2.2/2.4,,,,,,,14,,,,,6,52,1,8.6,0.4/0.5,,,,,,,1,33.00
321,Devin Neal,RB,NO,8,@DET,52,3,385,RB87,3.6,57,206,2,17,104,,6.1,1.5/1.7,,,,,,,,4.2,12,,,3,,,7.7,2.9/—,,,,,,,1,33.10
322,Wil Lutz,K,DEN,10,@KC,,,338.9,K17,,,,,,,,,,,,,,,,146,,,,,,,,,,,,,,,,1,33.20
323,Odell Beckham Jr.,WR,NYG,8,DAL,,9,262,WR121,,,,,9,,,6.1,1.0/2.0,,,,,,,48,,,,,23,241,2,10.5,1.4/2.2,,,,,,,1,33.30
324,Tyler Bass,K,BUF,7,@HOU,,,181,K18,,,,,,,,,,,,,,,,145,,,,,,,,,,,,,,,,1,33.40
325,Mason Taylor,TE,NYJ,13,@TEN,67,31,338.8,TE48,,,,,44,369,1,8.4,3.4/5.0,,,,,,,51,,,,,33,283,1,8.6,1.9/2.8,,,,,,,1,33.50
326,Marlin Klein,TE,HOU,8,BUF,,11,,TE49,,,,,,,,,,,,,,,,,,,,,,,,,,,,,,,,1,33.60
327,Eli Stowers,TE,PHI,10,WAS,,1,234.6,TE50,,,,,,,,,,,,,,,,27,2.8,5,14,,13,130,1,10.2,0.8/1.1,,,,,,,1,33.70
328,Kaleb Johnson,RB,PIT,9,ATL,8,21,367,RB88,2.5,28,69,,1,9,,9.0,0.1/0.2,,,,,,,16,4.1,26,105,,5,32,,7.2,0.3/0.4,,,,,,,1,33.80
329,Nick Westbrook-Ikhine,WR,IND,13,BAL,14,17,324,WR122,,,,,11,89,,8.1,0.7/1.3,,,,,,,26,,,,,12,142,1,11.9,0.7/1.2,,,,,,,1,33.90
330,Kyle Juszczyk,RB,SF,8,@LAR,,15,0,RB89,3.8,17,,,19,,,10.6,1.2/1.9,,,,,,,42,4.5,12,54,,18,156,2,8.7,1.1/1.4,,,,,,,1,34.00
331,Darius Cooper,WR,PHI,10,WAS,14,1,0,WR123,,,,,9,92,,10.2,0.8/0.9,,,,,,,38,,,,,19,227,1,12.2,1.1/1.8,,,,,,,1,34.10
332,Olamide Zaccheaus,WR,ATL,11,@PIT,65,15,374,WR124,6.2,4,25,,39,313,2,8.0,2.4/4.1,,,,,,,43,6.0,2,10,,19,200,2,10.5,1.1/1.8,,,,,,,1,34.20
333,LeQuint Allen Jr.,RB,JAX,7,CLE,20,16,317.4,RB90,4.1,23,94,,10,54,,5.4,0.6/0.6,,,,,,,39,4.2,10,40,,25,166,1,6.6,1.5/1.9,,,,,,,1,34.30
334,Blake Grupe,K,IND,13,BAL,,,0,K19,,,,,,,,,,,,,,,,152,,,,,,,,,,,,,,,,1,34.40
335,Jordan Whittington,WR,LAR,11,SF,27,25,267,WR125,4.0,3,12,,18,171,,9.5,1.1/1.5,,,,,,,27,5.4,3,18,,12,133,1,11.1,0.7/1.1,,,,,,,1,34.50
336,Charlie Smyth,K,NO,8,@DET,,,0,K20,,,,,,,,,,,,,,,,149,,,,,,,,,,,,,,,,1,34.60
337,Audric Estime,RB,NO,8,@DET,42,3,320,RB91,4.3,46,198,1,12,103,,8.6,1.7/1.9,,,,,,,,4.3,12,,,3,,,6.8,2.7/—,,,,,,,1,34.70
338,Calvin Austin III,WR,NYG,8,DAL,71,9,351,WR126,,,,,31,372,3,12.0,2.2/3.9,,,,,,,26,,,,,15,182,,12.2,0.9/1.5,,,,,,,1,34.80
339,Tampa Bay Buccaneers,DST,TB,10,@CIN,,,246,DST32,,,,,,,,,,,,,,,,113,,,,,,,,,,,,,,,,1,34.90
340,Oscar Delp,TE,NO,8,@DET,,16,381,TE51,,,,,,,,,,,,,,,,9,,,,,6,55,,9.2,0.4/0.6,,,,,,,1,35.00
341,Jake Elliott,K,PHI,10,WAS,,,173,K21,,,,,,,,,,,,,,,,139,,,,,,,,,,,,,,,,1,35.10
342,Will Shipley,RB,PHI,10,WAS,13,4,290,RB92,3.5,14,49,,9,56,,6.2,0.6/0.8,,,,,,,7,4.0,11,43,,2,15,,7.7,0.1/0.2,,,,,,,1,35.20
343,Austin Hooper,TE,ATL,11,@PIT,49,5,265,TE52,,,,,21,263,2,12.5,1.3/1.6,,,,,,,22,,,,,11,102,1,9.2,0.6/1.0,,,,,,,1,35.30
344,Tennessee Titans,DST,TEN,9,NYJ,,,292,DST32,,,,,,,,,,,,,,,,104,,,,,,,,,,,,,,,,1,35.40
345,Konata Mumpfield,WR,LAR,11,SF,20,25,251,WR127,,,,,10,92,1,9.2,0.6/1.4,,,,,,,22,,,,,9,111,1,12.3,0.5/1.0,,,,,,,1,35.50
346,Luke Schoonmaker,TE,DAL,14,@NYG,20,10,0,TE53,,,,,14,132,,9.4,0.8/1.4,,,,,,,25,,,,,13,125,1,9.7,0.8/1.1,,,,,,,1,35.60
347,Andy Borregales,K,NE,11,@SEA,,,0,K22,,,,,,,,,,,,,,,,146,,,,,,,,,,,,,,,,1,35.70
348,Matthew Hibner,TE,,,,,,,TE54,,,,,,,,,,,,,,,,,,,,,,,,,,,,,,,,1,35.80
349,Michael Penix Jr.,QB,ATL,11,@PIT,120,14,350,QB35,3.3,21,70,1,,,,,,1982,9,3,60%,30.7,11.9,95,3.7,8,28,1,,,,,,1558,8,4,62%,31.4,11.4,1,35.90
350,Green Bay Packers,DST,GB,11,@MIN,,,222,DST32,,,,,,,,,,,,,,,,148,,,,,,,,,,,,,,,,1,36.00
351,Jaylin Lane,WR,WAS,7,@PHI,29,16,0,WR128,7.0,1,7,,16,225,,14.1,1.1/2.1,,,,,,,42,,,,,16,216,2,13.5,0.9/1.6,,,,,,,1,36.10
352,J.J. McCarthy,QB,MIN,6,GB,125,7,392,QB36,4.9,37,181,4,,,,,,1632,11,12,58%,24.3,11.7,48,4.5,11,50,1,,,,,,717,3,2,62%,34.0,11.3,1,36.20
353,Nate Boerkircher,TE,JAX,7,CLE,,7,,TE55,,,,,,,,,,,,,,,,13,,,,,5,48,1,9.8,0.3/0.4,,,,,,,1,36.30
354,Elijah Higgins,TE,ARI,14,@LAC,43,19,254,TE56,,,,,30,301,,10.0,1.8/2.2,,,,,,,32,,,,,19,169,1,8.9,1.1/1.6,,,,,,,1,36.40
355,Cade Stover,TE,HOU,8,BUF,14,11,0,TE57,0.8,4,3,,12,76,,6.3,1.3/1.8,,,,,,,22,2.7,3,7,,11,95,1,8.6,0.6/0.9,,,,,,,1,36.50
356,Barion Brown,WR,NO,8,@DET,,6,,WR129,,,,,,,,,,,,,,,,12,,,,,7,82,,11.4,0.4/0.7,,,,,,,1,36.60
357,Tory Horton,WR,SEA,11,NE,53,13,336.7,WR130,,,,,13,161,5,12.4,1.6/2.8,,,,,,,59,,,,,24,352,2,14.7,1.4/2.5,,,,,,,1,36.70
358,Indianapolis Colts,DST,IND,13,BAL,,,241,DST32,,,,,,,,,,,,,,,,122,,,,,,,,,,,,,,,,1,36.80
359,Phil Mafah,RB,DAL,14,@NYG,10,5,323,RB93,3.6,5,18,1,2,11,,5.5,2.0/2.0,,,,,,,6,4.2,7,29,,2,15,,6.5,0.1/0.2,,,,,,,1,36.90
360,Ja'Tavion Sanders,TE,CAR,5,CHI,40,23,338.5,TE58,,,,,29,190,1,6.6,2.2/2.6,,,,,,,31,,,,,18,158,1,8.8,1.1/1.5,,,,,,,1,37.00
361,Cleveland Browns,DST,CLE,11,@JAX,,,211,DST32,,,,,,,,,,,,,,,,126,,,,,,,,,,,,,,,,1,37.10
362,Brenen Thompson,WR,LAC,7,ARI,,31,305,WR131,,,,,,,,,,,,,,,,12,5.0,2,9,,6,76,,12.5,0.4/0.6,,,,,,,1,37.20
363,Kyle Williams,WR,NE,11,@SEA,44,28,403,WR132,1.5,2,3,,10,209,3,20.9,0.6/1.2,,,,,,,30,,,,,12,176,1,15.0,0.7/1.2,,,,,,,1,37.30
364,Matt Gay,K,LV,13,MIA,,,236,K23,,,,,,,,,,,,,,,,125,,,,,,,,,,,,,,,,1,37.40
365,Nick Folk,K,ATL,11,@PIT,,,0,K24,,,,,,,,,,,,,,,,143,,,,,,,,,,,,,,,,1,37.50
366,Haynes King,QB,CAR,5,CHI,,21,,QB37,,,,,,,,,,,,,,,,,,,,,,,,,,,,,,,,1,37.60
367,Tyler Higbee,TE,LAR,11,SF,59,15,320.5,TE59,,,,,25,281,3,11.2,2.5/3.6,,,,,,,32,,,,,17,177,1,10.4,1.0/1.6,,,,,,,1,37.70
368,Jahdae Walker,WR,CHI,10,@CAR,24,27,280,WR133,,,,,6,87,2,14.5,0.7/1.1,,,,,,,9,,,,,5,62,,13.0,0.3/0.5,,,,,,,1,37.80
369,Cedric Tillman,WR,CLE,11,@JAX,50,5,282,WR134,,,,,21,270,2,12.9,1.6/3.0,,,,,,,26,,,,,13,139,1,11.0,0.7/1.5,,,,,,,1,37.90
370,Dyami Brown,WR,WAS,7,@PHI,40,16,280,WR135,5.0,6,30,,20,227,1,11.4,1.4/2.6,,,,,,,22,,,,,9,113,1,12.6,0.5/0.9,,,,,,,1,38.00
371,Jacob Cowing,WR,SF,8,@LAR,,26,315,WR136,7.0,1,,,4,,,20.0,0.3/0.4,,,,,,,4,,,,,2,28,,14.8,0.1/0.2,,,,,,,1,38.10
372,Atlanta Falcons,DST,ATL,11,@PIT,,,230,DST32,,,,,,,,,,,,,,,,140,,,,,,,,,,,,,,,,1,38.20
373,Detroit Lions,DST,DET,6,NO,,,228,DST32,,,,,,,,,,,,,,,,141,,,,,,,,,,,,,,,,1,38.30
374,John Bates,TE,WAS,7,@PHI,22,25,0,TE60,,,,,11,103,1,9.4,0.7/1.1,,,,,,,14,,,,,10,91,,9.3,0.6/0.8,,,,,,,1,38.40
375,Adam Trautman,TE,DEN,10,@KC,36,20,0,TE61,,,,,20,195,1,9.8,1.2/1.4,,,,,,,25,,,,,13,124,1,9.6,0.8/1.1,,,,,,,1,38.50
376,Tommy Tremble,TE,CAR,5,CHI,50,23,258,TE62,,,,,27,249,2,9.2,1.6/2.2,,,,,,,16,,,,,11,102,,9.3,0.6/0.9,,,,,,,1,38.60
377,Las Vegas Raiders,DST,LV,13,MIA,,,326,DST32,,,,,,,,,,,,,,,,108,,,,,,,,,,,,,,,,1,38.70
378,Max Klare,TE,LAR,11,SF,,15,307,TE63,,,,,,,,,,,,,,,,,,,,,,,,,,,,,,,,1,38.80
379,Joey Slye,K,TEN,9,NYJ,,,0,K25,,,,,,,,,,,,,,,,127,,,,,,,,,,,,,,,,1,38.90
380,Chad Ryland,K,ARI,14,@LAC,,,0,K26,,,,,,,,,,,,,,,,129,,,,,,,,,,,,,,,,1,39.00
381,New York Jets,DST,NYJ,13,@TEN,,,373,DST32,,,,,,,,,,,,,,,,99,,,,,,,,,,,,,,,,1,39.10
382,Ryan Fitzgerald,K,CAR,5,CHI,,,0,K27,,,,,,,,,,,,,,,,132,,,,,,,,,,,,,,,,1,39.20
383,Dylan Laube,RB,LV,13,MIA,2,32,0,RB94,1.3,7,9,,3,18,,6.0,0.2/0.2,,,,,,,3,4.0,4,17,,2,10,,6.6,0.1/0.2,,,,,,,1,39.30
384,Tyler Conklin,TE,DET,6,NO,14,26,253,TE64,2.0,1,2,,7,101,,14.4,0.5/0.8,,,,,,,,,,,,,,,15.0,0.2/—,,,,,,,1,39.40
385,Ashton Dulin,WR,IND,13,BAL,18,17,250,WR137,14.7,3,44,,5,106,,21.2,0.4/0.8,,,,,,,16,6.8,5,35,,7,90,,12.5,0.4/0.7,,,,,,,1,39.50
386,Riley Patterson,K,MIA,6,@LV,,,0,K28,,,,,,,,,,,,,,,,124,,,,,,,,,,,,,,,,1,39.60
387,New Orleans Saints,DST,NO,8,@DET,,,229,DST32,,,,,,,,,,,,,,,,129,,,,,,,,,,,,,,,,1,39.70
388,Ty Simpson,QB,LAR,11,SF,,17,370,QB38,,,,,,,,,,,,,,,,,,,,,,,,,,,,,,,,1,39.80
389,Tanner Hudson,TE,CIN,6,TB,38,4,0,TE65,,,,,19,168,2,8.8,1.3/1.6,,,,,,,21,,,,,11,93,1,8.5,0.6/0.9,,,,,,,1,39.90
390,Josh Oliver,TE,MIN,6,GB,48,9,273,TE66,,,,,15,160,4,10.7,1.0/1.3,,,,,,,34,,,,,20,182,1,9.1,1.2/1.6,,,,,,,1,40.00
391,Carolina Panthers,DST,CAR,5,CHI,,,247,DST32,,,,,,,,,,,,,,,,106,,,,,,,,,,,,,,,,1,40.10
392,Trey Benson,RB,ARI,14,@LAC,29,25,355,RB95,5.5,29,160,,13,64,,4.9,3.3/4.0,,,,,,,18,4.0,33,132,,4,28,,7.1,0.2/0.3,,,,,,,1,40.20
393,Arizona Cardinals,DST,ARI,14,@LAC,,,386,DST32,,,,,,,,,,,,,,,,103,,,,,,,,,,,,,,,,1,40.30
394,Brock Wright,TE,DET,6,NO,30,26,0,TE67,,,,,14,108,2,7.7,1.3/2.0,,,,,,,19,,,,,10,83,1,8.3,0.6/0.9,,,,,,,1,40.40
395,Miami Dolphins,DST,MIA,6,@LV,,,357,DST32,,,,,,,,,,,,,,,,104,,,,,,,,,,,,,,,,1,40.50
396,Davis Allen,TE,LAR,11,SF,51,15,0,TE68,,,,,24,208,3,8.7,1.4/1.9,,,,,,,19,,,,,9,82,1,9.1,0.5/0.8,,,,,,,1,40.60
397,Savion Williams,WR,GB,11,@MIN,21,12,285,WR138,3.4,11,37,,10,78,1,7.8,0.8/0.8,,,,,,,43,4.6,12,55,,20,215,1,10.5,1.2/2.0,,,,,,,1,40.70
398,Luke Farrell,TE,SF,8,@LAR,24,27,0,TE69,,,,,11,85,2,7.7,0.6/0.8,,,,,,,19,,,,,8,91,1,11.4,0.5/0.8,,,,,,,1,40.80
399,Cincinnati Bengals,DST,CIN,6,TB,,,318,DST32,,,,,,,,,,,,,,,,95,,,,,,,,,,,,,,,,1,40.90
400,Washington Commanders,DST,WAS,7,@PHI,,,345,DST32,,,,,,,,,,,,,,,,109,,,,,,,,,,,,,,,,1,41.00