RK,Player,Pos,Team,BYE,Opp,PTS,SoS Rank,ADP (Y!),P-RK,YPC,Rush,RUSH YDS,RUSH TD,REC,REC YDS,REC TD,YPR,Rec/Tar Game,PASS YDS,PASS TD,INT,CMP%,ATT/ GM,QB YPC,PTS (Projections),YPC (Projections),Rush (Projections),RUSH YDS (Projections),RUSH TD (Projections),REC (Projections),REC YDS (Projections),REC TD (Projections),YPR (Projections),Rec/Tar Game (Projections),PASS YDS (Projections),PASS TD (Projections),INT (Projections),CMP% (Projections),ATT/ GM (Projections),QB YPC (Projections),Auction $,Target Round
1,Jahmyr Gibbs,RB,DET,6,NO,290,1,1.4,RB1,5.0,243,1223,13,77,616,5,8.0,4.5/5.5,,,,,,,302,4.9,264,1306,15,71,577,4,8.1,4.2/5.4,,,,,,,67,1.10
2,Bijan Robinson,RB,ATL,11,@PIT,292,12,2,RB2,5.1,287,1478,7,79,820,4,10.4,4.6/6.1,,,,,,,295,4.8,291,1386,9,78,728,5,9.3,4.6/6.0,,,,,,,65,1.20
3,Ja'Marr Chase,WR,CIN,6,TB,189,8,3.4,WR1,4.7,3,14,,125,1412,8,11.3,7.8/11.6,,,,,,,215,5.1,3,17,,114,1409,12,12.4,6.7/9.9,,,,,,,64,1.30
4,Puka Nacua,WR,LAR,11,SF,246,25,4.9,WR2,10.5,10,105,1,129,1715,10,13.3,8.1/10.4,,,,,,,230,6.9,14,94,1,119,1551,10,13.0,7.0/9.8,,,,,,,62,1.40
5,Jonathan Taylor,RB,IND,13,BAL,316,13,6.5,RB3,4.9,323,1585,18,46,378,2,8.2,2.7/3.2,,,,,,,286,4.7,329,1539,14,47,359,2,7.6,2.8/3.5,,,,,,,62,1.50
6,Jaxon Smith-Njigba,WR,SEA,11,NE,241,13,7.1,WR3,5.1,7,36,,119,1793,10,15.1,7.0/9.6,,,,,,,219,5.2,5,27,,114,1626,9,14.2,6.7/9.6,,,,,,,59,1.60
7,Christian McCaffrey,RB,SF,8,@LAR,315,15,5.7,RB4,3.9,311,1202,10,102,924,7,9.1,6.0/7.6,,,,,0.1,,290,4.0,285,1151,11,80,726,6,9.1,4.7/6.2,,,,,,,59,1.70
8,James Cook III,RB,BUF,7,@HOU,269,30,9.5,RB5,5.2,309,1621,12,33,291,2,8.8,1.9/2.4,,,,,,,262,4.7,304,1441,12,39,334,2,8.6,2.3/3.1,,,,,,,55,1.80
9,Derrick Henry,RB,BAL,13,@IND,265,19,17.4,RB6,5.2,307,1595,16,15,150,,10.0,0.9/1.2,,,,,0.1,,265,4.9,311,1536,14,22,216,1,9.8,1.3/1.8,,,,,,,55,1.90
10,Amon-Ra St. Brown,WR,DET,6,NO,207,14,7.9,WR4,3.0,3,9,,117,1401,11,12.0,6.9/10.1,,,,,,,198,5.7,2,10,,116,1373,10,11.8,6.8/9.9,,,,,,,53,2.00
11,Saquon Barkley,RB,PHI,10,WAS,195,4,11.6,RB7,4.1,280,1140,7,37,273,2,7.4,2.3/3.1,,,,,,,241,4.3,292,1241,11,39,328,3,8.4,2.3/3.1,,,,,,,52,2.10
12,CeeDee Lamb,WR,DAL,14,@NYG,126,10,10.8,WR5,2.0,1,2,,75,1077,3,14.4,5.4/8.4,,,,,,,194,6.0,3,20,,106,1382,9,13.1,6.2/9.4,,,,,,,51,2.20
13,Kenneth Walker III,RB,KC,5,DEN,161,22,15.8,RB8,4.6,221,1027,5,31,282,,9.1,1.8/2.1,,,,,,,234,4.4,277,1227,10,51,391,2,7.7,3.0/3.8,,,,,,,51,2.30
14,Chase Brown,RB,CIN,6,TB,214,27,16,RB9,4.4,232,1019,6,69,437,5,6.3,4.1/5.2,,,,,,,223,4.4,237,1045,8,67,462,4,6.9,3.9/5.0,,,,,,,48,2.40
15,Omarion Hampton,RB,LAC,7,ARI,104,28,18.4,RB10,4.4,124,545,4,32,192,1,6.0,3.6/3.9,,,,,,,227,4.3,266,1149,11,49,340,2,6.9,2.9/3.5,,,,,,,46,2.50
16,Justin Jefferson,WR,MIN,6,GB,118,2,13.1,WR6,3.5,2,7,,84,1048,2,12.5,4.9/8.3,,,,,,,192,4.2,2,7,,111,1430,8,12.9,6.5/9.9,,,,,,,44,2.60
17,De'Von Achane,RB,MIA,6,@LV,256,20,15.4,RB11,5.7,238,1350,8,67,488,4,7.3,4.2/5.3,,,,,,,225,4.9,246,1203,6,68,503,3,7.4,4.0/5.1,,,,,,,43,2.70
18,George Pickens,WR,DAL,14,@NYG,199,10,22.5,WR7,,,,,93,1429,9,15.4,5.5/8.1,,,,,,,175,,,,,85,1209,9,14.3,5.0/7.6,,,,,,,41,2.80
19,A.J. Brown,WR,NE,11,@SEA,142,28,24.2,WR8,,,,,78,1003,7,12.9,5.2/8.1,,,,,,,163,,,,,78,1150,8,14.7,4.6/7.5,,,,,,,41,2.90
20,Drake London,WR,ATL,11,@PIT,134,15,19.7,WR9,,,,,68,919,7,13.5,5.7/9.3,,,,,,,172,,,,,95,1238,8,13.0,5.6/9.3,,,,,,,40,3.00
21,Kyren Williams,RB,LAR,11,SF,227,8,28.4,RB12,4.8,259,1252,10,36,281,3,7.8,2.1/2.9,,,,,,,211,4.6,248,1133,11,29,201,2,6.9,1.7/2.4,,,,,,,38,3.10
22,Brock Bowers,TE,LV,13,MIA,112,18,21.1,TE1,1.0,2,2,,64,680,7,10.6,5.3/7.2,,,,,,,155,4.0,6,24,,99,1041,8,10.5,5.8/8.3,,,,,,,38,3.20
23,Nico Collins,WR,HOU,8,BUF,155,3,22,WR10,7.5,2,15,1,71,1117,6,15.7,4.7/8.0,,,,,,,170,6.5,2,11,,84,1206,8,14.4,4.9/7.9,,,,,,,36,3.30
24,Javonte Williams,RB,DAL,14,@NYG,208,5,34.3,RB13,4.8,252,1201,11,35,137,2,3.9,2.2/3.2,,,,,,,215,4.4,283,1231,10,35,203,2,5.9,2.0/2.8,,,,,,,35,3.40
25,Ashton Jeanty,RB,LV,13,MIA,190,32,16.5,RB14,3.7,266,975,5,55,346,5,6.3,3.2/4.3,,,,,,,196,4.1,237,979,7,59,442,2,7.5,3.9/5.1,,,,,,,35,3.50
26,Chris Olave,WR,NO,8,@DET,168,6,32,WR11,-3.0,1,-3,,100,1163,9,11.6,6.3/9.8,,,1,,0.1,,156,,,,,84,1078,8,12.8,4.9/8.4,,,,,,,34,3.60
27,Malik Nabers,WR,NYG,8,DAL,39,9,31.1,WR12,,,,,18,271,2,15.1,4.5/8.8,,,,,,,148,,,,,79,1060,7,13.4,4.9/8.6,,,,,,,33,3.70
28,Travis Etienne Jr.,RB,NO,8,@DET,218,3,42.5,RB15,4.3,260,1107,7,36,292,6,8.1,2.1/3.1,,,,,,,204,4.3,258,1102,8,45,339,2,7.5,2.6/3.5,,,,,,,32,3.80
29,Trey McBride,TE,ARI,14,@LAC,190,19,26.5,TE2,,,,,126,1239,11,9.8,7.4/9.9,,,,,,,141,,,,,109,1053,6,9.7,6.4/8.9,,,,,,,31,3.90
30,Breece Hall,RB,NYJ,13,@TEN,172,23,34.9,RB16,4.4,243,1065,4,36,350,1,9.7,2.3/3.0,4,1,,100%,0.1,4.0,204,4.4,255,1114,6,52,447,2,8.6,3.1/3.9,,,,,,,30,4.00
31,Devonta Smith,WR,PHI,10,WAS,125,1,29.6,WR13,,,,,77,1008,4,13.1,4.5/6.6,,,,,,,158,,,,,86,1099,8,12.8,5.1/7.6,,,,,,,30,4.10
32,D'Andre Swift,RB,CHI,10,@CAR,195,26,46.4,RB17,4.9,223,1087,9,34,299,1,8.8,2.1/3.0,,,,,,,199,4.6,246,1124,8,36,326,1,9.1,2.1/3.1,,,,,,,30,4.20
33,Zay Flowers,WR,BAL,13,@IND,157,19,35.8,WR14,6.2,10,62,1,86,1211,5,14.1,5.1/6.9,,,,,,,168,6.1,10,62,1,85,1197,6,14.1,5.0/7.4,,,,,,,30,4.30
34,Ladd McConkey,WR,LAC,7,ARI,115,31,44.8,WR15,,,,,66,789,6,12.0,4.1/6.6,,,,,,,149,,,,,83,1073,7,12.9,4.9/7.5,,,,,,,29,4.40
35,Jeremiyah Love,RB,ARI,14,@LAC,,25,29.6,RB18,,,,,,,,,,,,,,,,192,4.4,219,964,7,55,419,2,7.6,3.2/4.2,,,,,,,28,4.50
36,Tee Higgins,WR,CIN,6,TB,153,8,33.5,WR16,,,,,59,846,11,14.3,3.9/6.5,,,,,,,156,,,,,79,1017,9,12.9,4.6/7.6,,,,,,,28,4.60
37,Josh Allen,QB,BUF,7,@HOU,365,20,20.1,QB1,5.2,112,579,14,,,,,,3668,25,10,69%,27.1,11.5,388,5.1,114,586,13,,,,,,4078,27,10,67%,30.4,11.6,28,4.70
38,Rashee Rice,WR,KC,5,DEN,97,30,35.2,WR17,4.0,5,20,1,53,571,5,10.8,6.6/9.8,,,,,,,159,4.7,7,32,,98,1133,7,11.6,5.8/8.4,,,,,,,27,4.80
39,Garrett Wilson,WR,NYJ,13,@TEN,64,23,48.9,WR18,,,,,36,395,4,11.0,5.1/8.4,,,,,,,143,5.2,2,9,,95,1064,6,11.2,5.6/8.7,,,,,,,27,4.90
40,Bucky Irving,RB,TB,10,@CIN,109,18,55.1,RB19,3.4,173,588,1,30,277,3,9.2,3.0/3.5,,,,,,,187,4.1,241,986,8,35,283,2,8.1,2.1/2.6,,,,,,,26,5.00
41,Jaylen Waddle,WR,DEN,10,@KC,130,29,40.7,WR19,14.0,2,28,,64,910,6,14.2,4.0/6.3,8,,,100%,0.1,8.0,148,5.4,3,18,,79,1038,7,13.1,4.6/7.6,,,,,,,26,5.10
42,Davante Adams,WR,LAR,11,SF,163,25,55.8,WR20,,,,,60,789,14,13.2,4.3/8.1,,,,,,,154,,,,,67,884,11,13.2,3.9/7.1,,,,,,,25,5.20
43,Colston Loveland,TE,CHI,10,@CAR,107,30,39.5,TE3,-2.0,1,-2,,58,713,6,12.3,3.6/5.1,,,,,,,127,,,,,81,914,6,11.3,4.8/7.3,,,,,,,24,5.30
44,Luther Burden III,WR,CHI,10,@CAR,81,27,58.5,WR21,6.2,6,37,,47,652,2,13.9,3.1/4.0,,,,,,,148,5.5,7,37,,79,1021,7,12.9,4.6/7.5,,,,,,,24,5.40
45,Jameson Williams,WR,DET,6,NO,155,14,65.8,WR22,2.0,6,12,,65,1117,7,17.2,3.8/6.0,,,,,,,162,6.0,7,41,1,67,1095,7,16.3,3.9/6.4,,,,,,,24,5.50
46,David Montgomery,RB,HOU,8,BUF,143,11,53.2,RB20,4.5,158,716,8,24,192,,8.0,1.4/1.7,3,1,,50%,0.1,3.0,175,4.3,218,933,9,29,215,1,7.4,1.7/2.2,,,,,,,24,5.60
47,Emeka Egbuka,WR,TB,10,@CIN,133,11,44.9,WR23,4.5,2,9,,63,938,6,14.9,3.7/7.5,,,,,,,154,5.7,2,10,,68,1047,8,15.3,4.0/7.2,,,,,,,24,5.70
48,DJ Moore,WR,BUF,7,@HOU,120,21,60.3,WR24,5.3,15,79,1,50,682,6,13.6,2.9/5.0,2,1,,100%,0.1,2.0,130,5.2,5,27,,66,915,6,13.9,3.9/6.2,,,,,,,23,5.80
49,Tetairoa McMillan,WR,CAR,5,CHI,141,20,41.7,WR25,,,,,70,1014,7,14.5,4.1/7.2,,,,,,,148,,,,,78,1059,7,13.6,4.6/7.6,,,,,,,23,5.90
50,Lamar Jackson,QB,BAL,13,@IND,215,16,38.3,QB2,5.2,67,349,2,,,,,,2549,21,7,64%,23.2,13.3,350,5.5,128,709,5,,,,,,3922,28,10,66%,28.4,12.3,22,6.00
51,Cam Skattebo,RB,NYG,8,DAL,104,9,42.4,RB21,4.1,101,410,5,24,207,2,8.6,3.0/4.0,,,,,,,188,4.2,234,971,8,41,310,2,7.6,2.4/3.1,,,,,,,22,6.10
52,Terry Mclaurin,WR,WAS,7,@PHI,76,16,54.1,WR26,,,,,38,582,3,15.3,3.8/6.0,,,,,,,136,,,,,74,995,6,13.5,4.4/6.6,,,,,,,21,6.20
53,Mike Evans,WR,SF,8,@LAR,55,26,68.5,WR27,,,,,30,368,3,12.3,3.8/7.6,,,,,,,135,,,,,55,866,8,15.7,3.2/5.8,,,,,,,21,6.30
54,Jadarian Price,RB,SEA,11,NE,,6,65,RB22,,,,,,,,,,,,,,,,181,4.2,216,907,9,31,241,2,7.8,1.8/2.5,,,,,,,21,6.40
55,Parker Washington,WR,JAX,7,CLE,115,4,79.1,WR28,,7,,,58,847,5,14.6,3.6/5.9,,,,,,,130,5.6,10,57,,69,947,5,13.7,4.1/6.8,,,,,,,20,6.50
56,Christian Watson,WR,GB,11,@MIN,97,12,67.9,WR29,3.0,1,3,,35,611,6,17.5,3.5/5.5,,,,,,,136,5.9,3,20,,59,916,7,15.5,3.5/6.1,,,,,,,20,6.60
57,Rhamondre Stevenson,RB,NE,11,@SEA,147,24,78.9,RB23,4.6,130,603,7,32,345,2,10.8,2.3/2.6,,,,,,,173,4.4,191,844,8,37,282,2,7.6,2.2/2.7,,,,,,,20,6.70
58,Jalen Hurts,QB,PHI,10,WAS,299,1,56.8,QB3,4.0,105,421,8,,,,,,3224,25,6,65%,28.4,11.0,340,4.1,130,527,9,,,,,,3694,26,9,65%,28.9,11.3,19,6.80
59,Quinshon Judkins,RB,CLE,11,@JAX,144,7,53.9,RB24,3.6,230,827,7,26,171,,6.6,1.9/2.6,,,,,,,199,4.0,302,1214,8,35,237,1,6.8,2.0/2.8,,,,,,,19,6.90
60,Jayden Daniels,QB,WAS,7,@PHI,114,10,54.5,QB4,4.8,58,278,2,,,,,,1262,8,3,61%,26.9,11.1,330,5.1,123,622,5,,,,,,4003,25,11,67%,30.9,11.1,18,7.00
61,Rico Dowdle,RB,PIT,9,ATL,177,21,87,RB25,4.6,236,1076,6,39,297,1,7.6,2.3/2.9,,,,,,,164,4.3,228,992,6,31,228,1,7.3,1.8/2.5,,,,,,,18,7.10
62,Bhayshul Tuten,RB,JAX,7,CLE,79,16,62.2,RB26,3.7,83,307,5,10,79,2,7.9,0.7/0.9,,,,,,,176,4.2,231,961,7,34,254,2,7.5,2.0/2.9,,,,,,,17,7.20
63,Tyler Warren,TE,IND,13,BAL,113,13,47.2,TE4,1.3,6,8,1,76,817,4,10.8,4.5/6.6,,,,,0.1,,128,2.3,9,20,1,87,898,5,10.3,5.1/7.0,,,,,,,16,7.30
64,MarShawn Lloyd,RB,GB,11,@MIN,,17,121.4,RB27,2.5,6,,,1,,,3.0,1.0/1.0,,,,,,,120,4.1,158,641,6,19,137,1,7.2,1.1/1.5,,,,,,,16,7.40
65,Joe Burrow,QB,CIN,6,TB,135,12,50,QB5,2.9,14,41,,,,,,,1809,17,5,67%,32.4,10.5,322,3.6,45,161,1,,,,,,4349,37,11,68%,35.5,10.6,15,7.50
66,Rome Odunze,WR,CHI,10,@CAR,102,27,66.8,WR30,,,,,44,661,6,15.0,3.7/7.5,,,,,,,148,,,,,67,1063,7,15.9,3.9/8.0,,,,,,,15,7.60
67,Drake Maye,QB,NE,11,@SEA,351,22,47.4,QB6,4.4,103,450,4,1,2,,2.0,0.1/0.1,4394,31,8,72%,28.9,12.4,328,5.0,102,511,4,,,,,,4212,27,12,68%,31.1,11.7,14,7.70
68,Marvin Harrison Jr.,WR,ARI,14,@LAC,87,18,78.5,WR31,,,,,41,608,4,14.8,3.4/6.1,,,,,,,136,,,,,71,1003,6,14.1,4.2/7.5,,,,,,,14,7.80
69,Jaylen Warren,RB,PIT,9,ATL,177,21,76.7,RB28,4.5,211,958,6,40,333,2,8.3,2.5/2.8,,,,,,,150,4.4,189,821,4,41,315,2,7.7,2.4/3.1,,,,,,,14,7.90
70,TreVeyon Henderson,RB,NE,11,@SEA,171,24,65.5,RB29,5.1,180,911,9,35,221,1,6.3,2.1/2.5,,,,,,,152,4.5,173,772,6,38,269,2,7.1,2.2/2.8,,,,,,,14,8.00
71,Justin Herbert,QB,LAC,7,ARI,287,23,70.2,QB7,6.0,83,498,2,,,,,,3727,26,13,66%,32.0,11.0,321,4.8,81,386,3,,,,,,4111,30,10,66%,32.8,11.1,14,8.10
72,Brian Thomas Jr.,WR,JAX,7,CLE,91,4,84.2,WR32,7.0,3,21,1,48,707,2,14.7,3.4/6.5,,,,,,,119,6.3,3,21,,58,864,5,14.9,3.4/6.2,,,,,,,14,8.20
73,Caleb Williams,QB,CHI,10,@CAR,316,30,67.3,QB8,5.0,77,383,3,2,22,1,11.0,0.1/0.1,3942,27,7,58%,33.4,11.9,316,5.5,74,401,3,,,,,,4197,27,9,61%,33.8,12.0,13,8.30
74,Blake Corum,RB,LAR,11,SF,114,8,99.4,RB30,5.1,145,746,6,8,36,,4.5,0.5/0.8,,,,,,,144,4.6,171,782,8,17,119,1,7.0,1.0/1.5,,,,,,,13,8.40
75,Trevor Lawrence,QB,JAX,7,CLE,338,3,84,QB9,4.4,82,359,9,,,,,,4007,29,12,61%,32.9,11.8,324,4.5,78,353,6,,,,,,4166,27,11,62%,33.8,11.5,12,8.50
76,J.K. Dobbins,RB,DEN,10,@KC,105,29,95.3,RB31,5.0,153,772,4,11,37,,3.4,1.1/1.4,,,,,,,174,4.6,223,1022,9,19,116,1,6.0,1.1/1.5,,,,,,,11,8.60
77,Dak Prescott,QB,DAL,14,@NYG,314,5,73.9,QB10,3.3,53,177,2,,,,,,4552,30,10,67%,35.3,11.3,323,3.9,52,202,2,,,,,,4470,33,10,67%,34.4,11.3,11,8.70
78,Tony Pollard,RB,TEN,9,NYJ,153,14,85.7,RB32,4.5,242,1082,5,33,206,,6.2,1.9/2.4,,,,,,,149,4.4,201,882,6,30,183,1,6.2,1.7/2.3,,,,,,,10,8.80
79,Tucker Kraft,TE,GB,11,@MIN,85,29,60.6,TE5,3.0,1,3,,32,489,6,15.3,4.0/5.5,,,,,,,120,,,,,65,779,7,12.0,3.8/5.4,,,,,,,10,8.90
80,Jonathon Brooks,RB,CAR,5,CHI,,31,93.4,RB33,2.4,9,,,3,,,7.7,1.0/1.0,,,,,,,116,4.2,147,612,4,33,250,1,7.6,1.9/2.6,,,,,,,10,9.00
81,Jayden Reed,WR,GB,11,@MIN,30,12,117.8,WR33,9.3,3,28,,19,207,1,10.9,2.7/3.1,,,,,,,120,7.6,10,78,,70,819,5,11.7,4.1/6.0,,,,,,,10,9.10
82,Sam Laporta,TE,DET,6,NO,67,26,63.2,TE6,,,,,40,489,3,12.2,4.4/5.4,,,,,,,123,,,,,74,810,7,10.9,4.4/6.0,,,,,,,10,9.20
83,Chuba Hubbard,RB,CAR,5,CHI,95,31,88.9,RB34,3.8,134,511,1,30,223,3,7.4,2.0/2.6,,,,,,,163,4.1,228,931,6,39,281,1,7.2,2.3/3.0,,,,,,,9,9.30
84,DK Metcalf,WR,PIT,9,ATL,128,24,86,WR34,6.0,2,12,1,59,850,6,14.4,3.9/6.6,,,,,,,126,,,,,63,896,6,14.2,3.7/6.4,,,,,,,9,9.40
85,Chris Godwin Jr.,WR,TB,10,@CIN,50,11,96.6,WR35,,,,,33,360,2,10.9,3.7/5.7,,,,,,,123,,,,,75,868,6,11.5,4.4/6.7,,,,,,,8,9.50
86,Jordan Addison,WR,MIN,6,GB,93,2,116,WR36,40.5,2,81,1,42,610,3,14.5,3.0/5.6,,,,,,,127,6.2,2,11,,66,901,6,13.7,3.9/6.5,,,,,,,8,9.60
87,Quentin Johnston,WR,LAC,7,ARI,120,31,110.8,WR37,3.5,2,7,,51,735,8,14.4,3.6/6.1,,,,,,,123,4.5,2,8,,59,863,6,14.5,3.5/5.8,,,,,,,8,9.70
88,Brock Purdy,QB,SF,8,@LAR,177,24,98.4,QB11,4.5,33,147,3,,,,,,2167,20,10,69%,31.6,11.0,323,4.4,66,289,3,,,,,,4390,31,12,67%,32.5,11.8,8,9.80
89,Jordan Mason,RB,MIN,6,GB,115,10,113.6,RB35,4.8,159,758,6,14,51,,3.6,0.9/1.0,,,,,,,127,4.5,180,806,6,16,100,,6.2,0.9/1.3,,,,,,,7,9.90
90,RJ Harvey,RB,DEN,10,@KC,160,29,106.7,RB36,3.7,146,540,7,47,356,5,7.6,2.8/3.4,,,,,0.1,,124,4.1,115,473,4,46,342,3,7.4,2.7/3.5,,,,,,,7,10.00
91,Carnell Tate,WR,TEN,9,NYJ,,7,81,WR38,,,,,,,,,,,,,,,,115,,,,,61,849,5,13.9,3.6/6.1,,,,,,,7,10.10
92,Jacory Croskey-Merritt,RB,WAS,7,@PHI,131,2,107.8,RB37,4.6,175,805,8,9,68,,7.6,0.5/0.8,,,,,,,125,4.3,182,788,6,15,106,,7.1,0.9/1.1,,,,,,,7,10.20
93,Josh Downs,WR,IND,13,BAL,78,17,107.7,WR39,-1.0,2,-2,,58,566,4,9.8,3.6/5.5,,,,,,,121,6.0,2,10,,80,839,6,10.5,4.7/6.9,,,,,,,7,10.30
94,Matthew Stafford,QB,LAR,11,SF,350,17,100,QB12,,29,1,,,,,,,4707,46,8,65%,35.1,12.1,313,1.3,28,35,,,,,,,4379,38,9,65%,33.6,11.8,7,10.40
95,Courtland Sutton,WR,DEN,10,@KC,146,29,104.8,WR40,,,,,74,1017,7,13.7,4.4/7.3,,,,,,,129,,,,,65,872,7,13.4,3.8/6.9,,,,,,,6,10.50
96,Patrick Mahomes II,QB,KC,5,DEN,285,27,102,QB13,6.6,64,422,5,1,-10,,-10.0,0.1/0.1,3587,22,11,63%,35.9,11.4,290,5.1,51,260,3,,,,,,4088,26,11,65%,32.8,11.1,6,10.60
97,Xavier Worthy,WR,KC,5,DEN,68,30,129.1,WR41,7.9,11,87,,42,532,1,12.7,3.0/5.2,,,,,,,131,6.8,17,116,1,61,835,5,13.7,3.6/6.1,,,,,,,6,10.70
98,Michael Wilson,WR,ARI,14,@LAC,143,18,101.4,WR42,,,,,78,1006,7,12.9,4.6/7.4,,,,,,,110,,,,,65,797,5,12.3,3.8/6.4,,,,,,,6,10.80
99,Stefon Diggs,WR,WAS,7,@PHI,125,16,104.7,WR43,,,,,85,1013,4,11.9,5.0/6.0,,,,,,,113,,,,,72,828,5,11.5,4.2/6.0,,,,,,,6,10.90
100,Jaxson Dart,QB,NYG,8,DAL,242,9,90.6,QB14,5.7,86,487,9,,,,,,2272,15,5,64%,24.2,10.5,314,5.6,105,584,6,,,,,,3749,23,11,65%,30.4,11.2,6,11.00
101,Michael Pittman Jr.,WR,PIT,9,ATL,122,24,120.4,WR44,,,,,80,784,7,9.8,4.7/6.5,,,,,,,110,,,,,78,795,5,10.2,4.6/7.2,,,,,,,6,11.10
102,Matthew Golden,WR,GB,11,@MIN,41,12,126.7,WR45,4.9,10,49,,29,361,,12.4,2.1/3.1,,,,,,,111,6.6,7,45,,64,821,4,12.8,3.8/5.9,,,,,,,6,11.20
103,Jared Goff,QB,DET,6,NO,297,18,114.1,QB15,2.4,19,45,,,,,,,4564,34,8,68%,34.0,11.6,308,1.7,25,43,1,,,,,,4595,34,11,68%,34.5,11.5,6,11.30
104,Kenneth Gainwell,RB,TB,10,@CIN,148,18,115,RB38,4.7,114,537,5,73,486,3,6.7,4.3/5.0,,,,,,,131,4.5,116,522,4,53,367,3,6.9,3.1/4.0,,,,,,,6,11.40
105,Baker Mayfield,QB,TB,10,@CIN,272,28,125.9,QB16,6.9,55,382,1,,,,,,3693,26,11,63%,31.9,10.8,300,5.9,56,328,2,,,,,,4130,28,11,65%,33.4,11.2,6,11.50
106,George Kittle,TE,SF,8,@LAR,105,27,84.2,TE7,-3.0,1,-3,,57,628,7,11.0,5.2/6.3,,,,,,,103,,,,,67,732,5,10.9,4.2/5.6,,,,,,,6,11.60
107,Jordan Love,QB,GB,11,@MIN,235,19,123.4,QB17,4.2,47,199,,,,,,,3381,23,6,66%,29.3,11.6,290,4.1,49,199,1,,,,,,4294,28,10,65%,32.6,11.8,6,11.70
108,Chris Rodriguez Jr.,RB,JAX,7,CLE,89,16,131.1,RB39,4.5,112,500,6,3,30,,10.0,0.2/0.3,,,,,,,93,4.4,109,481,6,4,31,1,7.2,0.3/0.4,,,,,,,6,11.80
109,Harold Fannin Jr.,TE,CLE,11,@JAX,114,2,71.1,TE8,1.9,7,13,1,72,731,6,10.2,4.5/6.7,,,,,,,111,2.8,7,19,,87,855,4,9.8,5.1/7.5,,,,,,,6,11.90
110,Bo Nix,QB,DEN,10,@KC,305,29,99.1,QB18,4.3,83,356,5,,,,,—/0.1,3931,25,11,63%,36.0,10.1,310,4.4,81,354,4,,,,,,4010,28,11,64%,33.6,10.8,6,12.00
111,Alec Pierce,WR,IND,13,BAL,136,17,95.2,WR46,,,,,47,1003,6,21.3,3.1/5.6,,,,,,,117,,,,,55,865,5,15.9,3.2/5.5,,,,,,,6,12.10
112,Kyle Monangai,RB,CHI,10,@CAR,129,26,107.1,RB40,4.6,169,783,5,18,164,,9.1,1.1/1.8,,,,,,,141,4.4,184,804,6,22,185,1,8.4,1.3/1.9,,,,,,,6,12.20
113,Kyle Pitts Sr.,TE,ATL,11,@PIT,123,5,72.4,TE9,,,,,88,928,5,10.5,5.2/6.9,,,,,,,105,,,,,73,754,5,10.3,4.3/6.5,,,,,,,6,12.30
114,Kyler Murray,QB,MIN,6,GB,78,7,112.4,QB19,6.0,29,173,1,,,,,,962,6,3,68%,32.2,8.7,278,6.1,78,474,3,,,,,,3614,22,10,68%,29.6,10.6,6,12.40
115,Makai Lemon,WR,PHI,10,WAS,,1,115.3,WR47,,,,,,,,,,,,,,,,83,4.2,5,21,,47,572,4,12.2,2.8/4.6,,,,,,,6,12.50
116,KC Concepcion,WR,CLE,11,@JAX,,5,125.1,WR48,,,,,,,,,,,,,,,,112,5.5,5,28,,68,848,4,12.5,4.0/6.6,,,,,,,6,12.60
117,Josh Jacobs,RB,GB,11,@MIN,201,17,36.3,RB41,4.0,234,929,13,36,282,1,7.8,2.4/2.9,,,,,,,118,4.1,146,594,6,21,166,1,7.9,2.3/3.1,,,,,,,6,12.70
118,Rachaad White,RB,WAS,7,@PHI,103,2,123.4,RB42,4.3,132,572,4,40,218,,5.4,2.4/2.6,,,,,,,128,4.2,144,608,4,47,308,2,6.6,2.8/3.3,,,,,,,6,12.80
119,Dalton Kincaid,TE,BUF,7,@HOU,87,24,98.1,TE10,,,,,39,571,5,14.6,3.3/4.1,,,,,,,109,,,,,66,791,5,12.0,3.9/5.4,,,,,,,6,12.90
120,Romeo Doubs,WR,NE,11,@SEA,110,28,132,WR49,,,,,55,724,6,13.2,3.4/5.3,,,,,,,110,,,,,62,797,5,12.9,3.6/5.4,,,,,,,5,13.00
121,Travis Kelce,TE,KC,5,DEN,117,14,94.4,TE11,1.0,1,1,,76,851,5,11.2,4.5/6.4,,,,,,,115,,,,,76,788,6,10.4,4.5/6.4,,,,,,,5,13.10
122,Jalen Coker,WR,CAR,5,CHI,57,20,133.2,WR50,,,,,33,394,3,11.9,3.0/3.9,,,,,,,134,,,,,83,980,6,11.8,4.9/7.4,,,,,,,5,13.20
123,Malik Willis,QB,MIA,6,@LV,51,26,125,QB20,5.6,22,123,2,,,,,,422,3,,86%,8.8,14.1,284,5.3,115,614,4,,,,,,3712,18,11,65%,30.8,10.8,5,13.30
124,De'Zhaun Stribling,WR,SF,8,@LAR,,26,109.3,WR51,,,,,,,,,,,,,,,,66,,,,,34,477,3,14.0,2.0/3.3,,,,,,,5,13.40
125,Mark Andrews,TE,BAL,13,@IND,83,3,113.2,TE12,4.8,10,48,1,48,422,5,8.8,2.8/4.1,,,,,,,133,3.4,9,28,1,66,703,9,10.7,3.9/5.4,,,,,,,5,13.50
126,Isaiah Likely,TE,NYG,8,DAL,35,6,109.4,TE13,,,,,27,307,1,11.4,1.9/2.6,,,,,,,109,,,,,71,794,5,11.2,4.2/5.6,,,,,,,5,13.60
127,Juwan Johnson,TE,NO,8,@DET,103,16,125,TE14,,,,,77,889,3,11.5,4.5/6.0,,,,,,,100,,,,,70,763,4,10.9,4.1/5.8,,,,,,,5,13.70
128,Wan'dale Robinson,WR,TEN,9,NYJ,126,7,130.6,WR52,1.7,3,5,,92,1014,4,11.0,5.8/8.8,,,,,,,91,5.4,7,37,,68,692,3,10.2,4.0/6.1,,,,,,,5,13.80
129,Jakobi Meyers,WR,JAX,7,CLE,101,4,129.9,WR53,2.6,5,13,,75,835,3,11.1,4.7/6.9,,,,,,,108,5.7,5,29,,67,752,5,11.2,3.9/6.2,,,,,,,5,13.90
130,Dallas Goedert,TE,PHI,10,WAS,125,1,105.7,TE15,,,,,60,591,11,9.8,4.0/5.5,,,,,,,113,,,,,69,712,7,10.3,4.1/5.5,,,,,,,5,14.00
131,Daniel Jones,QB,IND,13,BAL,226,8,126.9,QB21,3.6,45,164,5,,,,,,3101,19,8,68%,29.5,11.9,289,4.1,64,263,4,,,,,,4013,25,11,68%,32.2,10.9,5,14.10
132,Tyler Shough,QB,NO,8,@DET,158,11,130.1,QB22,4.1,45,186,3,,,,,,2384,10,6,68%,29.7,10.8,297,4.3,72,312,4,,,,,,4033,25,10,67%,33.4,10.7,4,14.20
133,Tank Bigsby,RB,PHI,10,WAS,51,4,129.9,RB43,5.7,63,356,2,3,32,,10.7,0.2/0.2,,,,,,,76,4.6,93,423,4,13,99,,7.6,0.8/1.1,,,,,,,4,14.30
134,Khalil Shakir,WR,BUF,7,@HOU,94,21,131,WR54,5.0,1,5,,72,719,4,10.0,4.5/5.9,,,,,,,102,6.0,2,10,,71,765,4,10.8,4.2/5.6,,,,,,,4,14.40
135,Rashid Shaheed,WR,SEA,11,NE,86,13,128.4,WR55,7.7,9,69,,59,687,2,11.6,3.3/5.1,,,,,,,100,6.6,12,79,1,53,623,4,11.8,3.1/5.2,,,,,,,4,14.50
136,Aaron Jones Sr.,RB,MIN,6,GB,91,10,124,RB44,4.2,132,548,2,28,199,1,7.1,2.3/3.4,,,,,,,142,4.3,151,648,5,47,347,2,7.4,2.8/3.8,,,,,,,4,14.60
137,Tyjae Spears,RB,TEN,9,NYJ,67,14,133.1,RB45,3.9,72,283,2,45,264,,5.9,3.5/3.8,,,,,,,120,4.1,141,582,3,47,318,2,6.8,2.8/3.4,,,,,,,4,14.70
138,Deebo Samuel Sr.,WR,SF,8,@LAR,116,26,127.2,WR56,4.4,17,75,1,72,727,5,10.1,4.5/6.2,,,,,,,116,4.4,24,106,1,57,694,5,12.2,3.4/5.0,,,,,,,4,14.80
139,Sam Darnold,QB,SEA,11,NE,235,13,122.6,QB23,2.7,35,95,,,,,,,4048,25,14,68%,28.1,12.5,273,3.0,41,125,1,,,,,,4212,27,11,67%,31.6,11.8,4,14.90
140,Keaton Mitchell,RB,LAC,7,ARI,46,28,131.7,RB46,5.8,59,341,1,9,63,,7.0,0.7/0.9,,,,,,,86,4.7,71,331,3,27,224,2,8.3,1.6/2.2,,,,,,,4,15.00
141,Brandon Aubrey,K,DAL,14,@NYG,,,86.1,K1,,,,,,,,,,,,,,,,184,,,,,,,,,,,,,,,,4,15.10
142,Tyler Allgeier,RB,ARI,14,@LAC,109,25,130,RB47,3.6,143,514,8,14,96,,6.9,0.8/0.9,,,,,,,79,3.9,112,440,4,16,108,,6.8,0.9/1.3,,,,,,,4,15.20
143,Jalen McMillan,WR,TB,10,@CIN,18,11,128.9,WR57,1.0,1,1,,12,178,,14.8,3.0/3.8,,,,,,,87,5.8,5,30,,47,601,4,12.9,2.7/4.4,,,,,,,4,15.30
144,Jake Ferguson,TE,DAL,14,@NYG,106,10,116.6,TE16,1.0,1,1,,82,600,8,7.3,4.8/6.0,,,,,,,88,,,,,69,575,5,8.3,4.1/5.5,,,,,,,3,15.40
145,Jordyn Tyson,WR,NO,8,@DET,,6,98,WR58,,,,,,,,,,,,,,,,81,,,,,49,568,4,11.6,4.9/7.1,,,,,,,3,15.50
146,Mike Washington Jr.,RB,LV,13,MIA,,32,122.8,RB48,,,,,,,,,,,,,,,,74,4.1,108,440,3,16,117,,7.3,0.9/1.3,,,,,,,3,15.60
147,Woody Marks,RB,HOU,8,BUF,127,11,130.7,RB49,3.6,196,703,3,24,208,3,8.7,1.5/2.3,,,,,,,102,4.1,145,587,3,23,196,1,8.5,1.4/2.0,,,,,,,3,15.70
148,Brenton Strange,TE,JAX,7,CLE,72,7,129.1,TE17,,,,,46,540,3,11.7,3.8/5.0,,,,,,,84,,,,,57,603,4,10.6,3.4/4.9,,,,,,,3,15.80
149,Denzel Boston,WR,CLE,11,@JAX,,5,131.5,WR59,,,,,,,,,,,,,,,,88,,,,,58,704,3,12.1,3.4/5.8,,,,,,,3,15.90
150,C.J. Stroud,QB,HOU,8,BUF,209,6,125.2,QB24,4.4,48,209,1,,,,,,3041,19,8,65%,30.2,11.1,270,4.4,56,247,1,,,,,,4020,25,11,64%,32.6,11.2,3,16.00
151,Hunter Henry,TE,NE,11,@SEA,119,21,127.5,TE18,,,,,60,768,7,12.8,3.5/5.1,,,,,,,94,,,,,58,639,5,11.0,3.4/4.9,,,,,,,3,16.10
152,Terrance Ferguson,TE,LAR,11,SF,41,15,127.1,TE19,,1,,,11,231,3,21.0,0.8/1.8,,,,,,,103,,,,,46,665,6,14.5,2.7/4.6,,,,,,,3,16.20
153,T.J. Hockenson,TE,MIN,6,GB,62,9,128.7,TE20,,1,,,51,438,3,8.6,3.4/4.4,,,,,,,89,,,,,77,650,4,8.4,4.5/6.2,,,,,,,3,16.30
154,Ryan Flournoy,WR,DAL,14,@NYG,74,10,163,WR60,6.2,4,25,,40,475,4,11.9,2.5/3.5,,,,,,,88,5.5,3,19,,48,564,5,11.7,2.8/4.2,,,,,,,3,16.40
155,Houston Texans,DST,HOU,8,BUF,,,150,DST32,,,,,,,,,,,,,,,,185,,,,,,,,,,,,,,,,3,16.50
156,Seattle Seahawks,DST,SEA,11,NE,,,185,DST32,,,,,,,,,,,,,,,,181,,,,,,,,,,,,,,,,3,16.60
157,Tre Tucker,WR,LV,13,MIA,105,32,148,WR61,4.6,11,51,,57,696,5,12.2,3.4/5.4,,,,,,,87,5.6,12,67,,50,624,3,12.5,2.9/5.1,,,,,,,3,16.70
158,Dalton Schultz,TE,HOU,8,BUF,96,11,126.7,TE21,,,,,82,777,3,9.5,4.8/6.2,,,,,,,84,,,,,62,601,4,9.7,3.6/5.1,,,,,,,3,16.80
159,Los Angeles Rams,DST,LAR,11,SF,,,256,DST32,,,,,,,,,,,,,,,,194,,,,,,,,,,,,,,,,3,16.90
160,Keenan Allen,WR,IND,13,BAL,102,17,125.8,WR62,,,,,81,777,4,9.6,4.8/7.2,,,,,,,84,,,,,52,542,5,10.4,3.5/5.3,,,,,,,3,17.00
161,Kayshon Boutte,WR,HOU,8,BUF,91,3,172,WR63,,,,,33,551,6,16.7,2.4/3.3,,,,,,,89,,,,,53,651,4,12.3,3.1/4.8,,,,,,,2,17.10
162,Malik Davis,RB,DAL,14,@NYG,39,5,239,RB50,4.8,52,250,2,2,16,,8.0,0.2/0.5,,,,,,,51,4.4,82,359,1,12,94,,7.6,0.7/1.1,,,,,,,2,17.20
163,Ray Davis,RB,BUF,7,@HOU,48,30,153,RB51,4.7,58,275,,10,86,2,8.6,0.6/0.8,,,,,,,54,4.2,63,266,2,11,90,1,8.2,0.6/0.8,,,,,,,2,17.30
164,Chig Okonkwo,TE,WAS,7,@PHI,68,25,126.5,TE22,,,,,56,560,2,10.0,3.3/4.6,,,,,,,75,,,,,50,513,4,10.2,3.0/4.1,,,,,,,2,17.40
165,Brian Robinson Jr.,RB,ATL,11,@PIT,55,12,119.6,RB52,4.3,92,400,2,8,25,,3.1,0.5/0.7,,,,,,,93,4.2,131,550,4,11,81,1,7.4,0.6/0.8,,,,,,,2,17.50
166,Emmett Johnson,RB,KC,5,DEN,,22,126.8,RB53,,,,,,,,,,,,,,,,59,4.2,81,343,2,17,128,,7.5,1.0/1.3,,,,,,,2,17.60
167,Tre Harris,WR,LAC,7,ARI,,31,186,WR64,,,,,,,,,,,,,,,,75,,,,,47,514,4,11.0,2.8/4.1,,,,,,,2,17.70
168,Jonah Coleman,RB,DEN,10,@KC,,29,129.6,RB54,,,,,,,,,,,,,,,,37,4.3,44,191,1,16,120,,7.7,0.9/1.3,,,,,,,2,17.80
169,Cam Ward,QB,TEN,9,NYJ,187,4,124.6,QB25,4.1,39,159,2,,,,,,3169,15,7,60%,31.8,9.8,253,4.2,44,187,2,,,,,,3800,23,11,63%,33.5,10.5,2,17.90
170,Bryce Young,QB,CAR,5,CHI,218,21,121.4,QB26,4.0,54,216,2,,,,,,3011,23,11,64%,29.9,9.9,264,4.8,59,282,2,,,,,,3798,24,12,64%,32.3,10.6,2,18.00
171,Jalen Nailor,WR,LV,13,MIA,72,32,129.3,WR65,6.5,2,13,,29,444,4,15.3,1.7/3.1,,,,,,,89,5.7,2,10,,46,640,4,13.9,2.7/4.8,,,,,,,2,18.10
172,Ka'imi Fairbairn,K,HOU,8,BUF,,,118.3,K2,,,,,,,,,,,,,,,,178,,,,,,,,,,,,,,,,2,18.20
173,Cam Little,K,JAX,7,CLE,,,129.9,K3,,,,,,,,,,,,,,,,171,,,,,,,,,,,,,,,,2,18.30
174,Denver Broncos,DST,DEN,10,@KC,,,101,DST32,,,,,,,,,,,,,,,,177,,,,,,,,,,,,,,,,2,18.40
175,Pat Bryant,WR,DEN,10,@KC,44,29,158,WR66,,,,,31,378,1,12.2,2.1/3.3,,,,,,,52,,,,,33,396,2,12.0,1.9/3.4,,,,,,,2,18.50
176,Jason Myers,K,SEA,11,NE,,,122.4,K4,,,,,,,,,,,,,,,,172,,,,,,,,,,,,,,,,2,18.60
177,Cameron Dicker,K,LAC,7,ARI,,,123,K5,,,,,,,,,,,,,,,,165,,,,,,,,,,,,,,,,2,18.70
178,Isaac TeSlaa,WR,DET,6,NO,60,14,124.6,WR67,,,,,16,239,6,14.9,0.9/1.6,,,,,,,81,,,,,38,510,5,13.4,2.2/3.7,,,,,,,2,18.80
179,Calvin Ridley,WR,TEN,9,NYJ,30,7,187,WR68,,,,,17,303,,17.8,2.4/5.1,,,,,,,98,5.5,5,28,,46,707,4,15.3,2.7/5.2,,,,,,,2,18.90
180,Adonai Mitchell,WR,NYJ,13,@TEN,57,23,147,WR69,-4.0,1,-4,,33,453,2,13.7,2.1/4.6,,,,,,,72,4.8,3,16,,39,519,3,13.3,2.3/4.1,,,,,,,2,19.00
181,Devaughn Vele,WR,NO,8,@DET,41,6,190,WR70,,,,,25,293,2,11.7,1.9/3.0,,,,,,,60,,,,,41,421,3,10.3,2.4/3.6,,,,,,,2,19.10
182,Dylan Sampson,RB,CLE,11,@JAX,55,7,182,RB55,2.7,65,175,,33,271,2,8.2,2.2/2.7,,,,,,,66,4.1,65,264,1,38,272,1,7.2,2.2/2.9,,,,,,,2,19.20
183,Caleb Douglas,WR,MIA,6,@LV,,22,170,WR71,,,,,,,,,,,,,,,,79,,,,,47,612,3,13.1,2.8/4.6,,,,,,,2,19.30
184,Zach Charbonnet,RB,SEA,11,NE,161,6,130.2,RB56,4.0,184,730,12,20,144,,7.2,1.3/1.5,,,,,,,121,4.1,146,597,7,18,137,1,7.6,1.5/2.0,,,,,,,2,19.40
185,Ja'Kobi Lane,WR,BAL,13,@IND,,19,126.4,WR72,,,,,,,,,,,,,,,,48,,,,,25,356,2,14.2,1.5/2.7,,,,,,,2,19.50
186,Jauan Jennings,WR,MIN,6,GB,118,2,126.2,WR73,,,,,55,643,9,11.7,3.7/6.0,,,,,,,83,,,,,53,586,4,11.1,3.1/4.8,,,,,,,1,19.60
187,Aaron Rodgers,QB,PIT,9,ATL,226,25,116.4,QB27,2.9,21,61,1,1,-9,,-9.0,0.1/0.1,3322,24,7,66%,31.1,10.2,248,3.1,24,74,1,,,,,,3962,24,10,65%,33.9,10.5,1,19.70
188,Isiah Pacheco,RB,DET,6,NO,68,1,125.8,RB57,3.9,118,462,1,19,101,1,5.3,1.5/2.0,,,,,,,76,4.2,103,436,4,13,85,,6.6,0.8/1.1,,,,,,,1,19.80
189,Justice Hill,RB,BAL,13,@IND,44,19,222,RB58,5.2,18,93,2,21,169,1,8.0,2.1/2.7,,,,,,,71,4.6,45,210,1,36,318,2,8.8,2.1/2.9,,,,,,,1,19.90
190,Rashod Bateman,WR,BAL,13,@IND,36,19,220,WR74,,,,,19,224,2,11.8,1.5/2.9,,,,,,,86,,,,,41,622,4,15.2,2.4/4.4,,,,,,,1,20.00
191,Cade Otton,TE,TB,10,@CIN,63,32,184,TE23,,,,,59,572,1,9.7,3.7/5.1,,,,,,,58,,,,,47,463,2,9.9,2.8/3.9,,,,,,,1,20.10
192,Pat Freiermuth,TE,PIT,9,ATL,73,12,124.6,TE24,,,,,41,486,4,11.9,2.4/3.2,,,,,,,95,,,,,62,654,5,10.5,3.6/5.1,,,,,,,1,20.20
193,Dontayvion Wicks,WR,PHI,10,WAS,46,1,154,WR75,6.0,1,6,,30,332,2,11.1,2.1/3.3,,,,,,,58,,,,,41,463,2,11.3,2.4/3.1,,,,,,,1,20.30
194,Samaje Perine,RB,CIN,6,TB,61,27,235,RB59,4.5,84,382,3,17,87,,5.1,1.1/1.4,,,,,,,85,4.4,98,432,3,25,175,1,7.1,1.4/1.8,,,,,,,1,20.40
195,Jaylin Noel,WR,HOU,8,BUF,42,3,191,WR76,2.0,6,12,,26,292,2,11.2,1.5/2.1,,,,,,,63,5.5,5,28,,38,418,3,11.0,2.2/3.5,,,,,,,1,20.50
196,Jerry Jeudy,WR,CLE,11,@JAX,71,5,193,WR77,5.0,1,5,,50,602,2,12.0,2.9/6.2,,,,,,,79,,,,,46,609,3,13.2,2.7/5.1,,,,,,,1,20.60
197,Chris Brooks,RB,GB,11,@MIN,20,17,274,RB60,3.9,27,106,,13,91,,7.0,0.8/1.0,,,,,,,31,4.2,42,174,1,11,78,,7.1,0.6/0.9,,,,,,,1,20.70
198,Malachi Fields,WR,NYG,8,DAL,,9,232,WR78,,,,,,,,,,,,,,,,70,,,,,49,581,2,11.9,2.9/4.4,,,,,,,1,20.80
199,Omar Cooper Jr.,WR,NYJ,13,@TEN,,23,202,WR79,,,,,,,,,,,,,,,,82,5.8,2,10,,48,628,3,13.1,2.8/4.4,,,,,,,1,20.90
200,Jacoby Brissett,QB,ARI,14,@LAC,227,15,210,QB28,4.4,38,168,1,,,,,,3366,23,8,65%,34.6,10.7,189,4.4,34,149,1,,,,,,3099,16,10,64%,34.1,10.8,1,21.00
201,Najee Harris,RB,NYG,8,DAL,9,9,201,RB61,4.1,15,61,,3,25,,8.3,1.0/1.0,,,,,,,48,4.0,68,272,2,12,92,,7.5,0.7/0.9,,,,,,,1,21.10
202,Minnesota Vikings,DST,MIN,6,GB,,,140,DST32,,,,,,,,,,,,,,,,164,,,,,,,,,,,,,,,,1,21.20
203,Alvin Kamara,RB,NO,8,@DET,68,3,125.9,RB62,3.6,131,471,1,33,186,,5.6,3.0/3.5,,,,,,,79,3.9,101,398,2,31,215,1,6.9,1.8/2.4,,,,,,,1,21.30
204,Jacksonville Jaguars,DST,JAC,7,CLE,,,0,DST32,,,,,,,,,,,,,,,,152,,,,,,,,,,,,,,,,1,21.40
205,Pittsburgh Steelers,DST,PIT,9,ATL,,,126,DST32,,,,,,,,,,,,,,,,152,,,,,,,,,,,,,,,,1,21.50
206,Los Angeles Chargers,DST,LAC,7,ARI,,,190,DST32,,,,,,,,,,,,,,,,163,,,,,,,,,,,,,,,,1,21.60
207,Seth McGowan,RB,IND,13,BAL,,13,249,RB63,,,,,,,,,,,,,,,,29,4.1,38,156,1,10,70,,7.1,0.6/0.7,,,,,,,1,21.70
208,Baltimore Ravens,DST,BAL,13,@IND,,,129,DST32,,,,,,,,,,,,,,,,153,,,,,,,,,,,,,,,,1,21.80
209,Braelon Allen,RB,NYJ,13,@TEN,13,23,128.3,RB64,4.2,18,76,1,2,17,,8.5,0.5/0.8,,,,,,,81,4.2,110,464,4,15,108,,7.0,0.9/1.2,,,,,,,1,21.90
210,Germie Bernard,WR,PIT,9,ATL,,24,183,WR80,,,,,,,,,,,,,,,,63,,,,,44,448,3,10.2,2.6/4.2,,,,,,,1,22.00
211,AJ Barner,TE,SEA,11,NE,95,17,125.3,TE25,1.4,10,14,1,52,519,6,10.0,3.1/4.0,,,,,,,80,2.6,9,22,1,47,473,4,10.0,2.8/3.9,,,,,,,1,22.10
212,Kaelon Black,RB,SF,8,@LAR,,15,130.6,RB65,,,,,,,,,,,,,,,,45,4.1,68,281,2,7,52,,7.4,0.4/0.6,,,,,,,1,22.20
213,Kaleb Johnson,RB,GB,11,@MIN,8,17,313,RB66,2.5,28,69,,1,9,,9.0,0.1/0.2,,,,,,,24,4.1,37,150,1,5,34,,6.8,0.3/0.4,,,,,,,1,22.30
214,Travis Hunter,WR,JAX,7,CLE,36,4,125.7,WR81,,1,,,28,298,1,10.6,4.0/6.4,,,,,,,56,5.9,3,20,,36,416,2,11.6,2.1/3.4,,,,,,,1,22.40
215,Jake Bates,K,DET,6,NO,,,138,K6,,,,,,,,,,,,,,,,160,,,,,,,,,,,,,,,,1,22.50
216,Zachariah Branch,WR,ATL,11,@PIT,,15,214,WR82,,,,,,,,,,,,,,,,61,,,,,41,489,2,11.9,2.4/3.9,,,,,,,1,22.60
217,Kenyon Sadiq,TE,NYJ,13,@TEN,,31,130,TE26,,,,,,,,,,,,,,,,86,,,,,61,616,4,10.1,3.6/4.8,,,,,,,1,22.70
218,Cyrus Allen,WR,KC,5,DEN,,30,176,WR83,,,,,,,,,,,,,,,,35,,,,,19,230,2,12.0,1.1/2.2,,,,,,,1,22.80
219,Greg Dulcich,TE,MIA,6,@LV,37,28,131.7,TE27,-7.0,1,-7,,26,335,1,12.9,2.6/3.3,,,,,,,87,,,,,58,630,4,10.9,3.4/4.6,,,,,,,1,22.90
220,Colby Parkinson,TE,LAR,11,SF,87,15,244,TE28,,,,,43,408,8,9.5,2.9/3.7,,,,,,,61,,,,,37,372,4,10.1,2.2/3.1,,,,,,,1,23.00
221,Jordan James,RB,SF,8,@LAR,,15,213,RB67,,,,,,,,,,,,,,,,24,4.2,34,142,1,5,40,,7.9,0.3/0.4,,,,,,,1,23.10
222,Tyrone Tracy Jr.,RB,NYG,8,DAL,125,9,130.8,RB68,4.2,176,740,2,36,288,2,8.0,2.4/3.2,,,,,,,60,4.2,62,262,2,20,153,1,7.7,1.2/1.5,,,,,,,1,23.20
223,Charlie Kolar,TE,LAC,7,ARI,26,22,251,TE29,,,,,10,142,2,14.2,0.6/0.9,,,,,,,64,,,,,36,396,4,11.0,2.1/3.2,,,,,,,1,23.30
224,Sean Tucker,RB,TB,10,@CIN,83,18,236,RB69,3.7,86,320,7,8,34,1,4.2,0.5/0.6,,,,,,,42,4.1,53,218,3,3,17,,5.5,0.2/0.2,,,,,,,1,23.40
225,James Conner,RB,ARI,14,@LAC,25,25,125.8,RB70,3.0,32,95,1,8,38,1,4.8,2.7/3.0,,,,,,,30,4.0,50,198,1,7,46,,6.6,0.5/0.8,,,,,,,1,23.50
226,Jaylen Wright,RB,MIA,6,@LV,43,20,256,RB71,4.1,70,288,2,5,44,,8.8,0.5/0.9,,,,,,,47,4.1,66,273,2,10,72,,7.2,0.6/0.8,,,,,,,1,23.60
227,Oronde Gadsden II,TE,LAC,7,ARI,82,22,126.6,TE30,,,,,49,664,3,13.6,3.3/4.6,,,,,,,43,,,,,22,246,3,11.4,1.3/1.8,,,,,,,1,23.70
228,Mike Gesicki,TE,CIN,6,TB,43,4,205,TE31,,,,,28,307,2,11.0,2.2/3.2,,,,,,,68,,,,,44,443,4,10.1,2.6/3.8,,,,,,,1,23.80
229,Cooper Kupp,WR,SEA,11,NE,69,13,120.3,WR84,,,,,47,593,2,12.6,2.9/4.4,,,1,,0.1,,58,,,,,36,404,3,11.2,2.1/3.3,,,,,,,1,23.90
230,Gunnar Helm,TE,TEN,9,NYJ,48,8,218,TE32,,,,,44,357,2,8.1,2.8/3.4,,,,,,,63,,,,,52,445,3,8.6,3.0/4.3,,,,,,,1,24.00
231,Michael Mayer,TE,LV,13,MIA,39,18,239,TE33,,,,,35,328,1,9.4,2.7/3.8,,,,,,,60,,,,,43,416,3,9.7,2.5/3.6,,,,,,,1,24.10
232,Malik Washington,WR,MIA,6,@LV,65,22,195,WR85,6.5,17,110,1,46,317,3,6.9,2.7/3.8,,,,,,,70,5.9,15,90,1,48,432,2,9.1,2.8/4.1,,,,,,,1,24.20
233,Jahan Dotson,WR,ATL,11,@PIT,32,15,230,WR86,,,,,18,262,1,14.6,1.1/2.1,,,,,,,54,,,,,32,415,2,13.0,1.9/3.6,,,,,,,1,24.30
234,Chris Bell,WR,MIA,6,@LV,,22,211,WR87,,,,,,,,,,,,,,,,69,,,,,40,567,2,14.3,2.3/3.9,,,,,,,1,24.40
235,Fernando Mendoza,QB,LV,13,MIA,,32,119,QB29,,,,,,,,,,,,,,,,134,4.2,27,113,2,,,,,,2026,12,9,63%,33.2,10.7,1,24.50
236,Kaytron Allen,RB,WAS,7,@PHI,,2,206,RB72,,,,,,,,,,,,,,,,13,4.2,27,113,,3,21,,7.0,0.2/0.2,,,,,,,1,24.60
237,Tyquan Thornton,WR,KC,5,DEN,62,30,227,WR88,,,,,19,438,3,23.1,1.4/2.6,,,,,,,73,,,,,37,551,3,15.1,2.2/4.1,,,,,,,1,24.70
238,Geno Smith,QB,NYJ,13,@TEN,174,31,247,QB30,2.7,41,109,,,,,,,3025,19,17,67%,29.9,10.0,230,3.8,53,203,1,,,,,,3840,19,13,67%,31.9,10.6,1,24.80
239,Eddy Pineiro,K,SF,8,@LAR,,,142.8,K7,,,,,,,,,,,,,,,,151,,,,,,,,,,,,,,,,1,24.90
240,Mack Hollins,WR,NE,11,@SEA,67,28,325,WR89,4.0,1,4,,46,550,2,12.0,3.1/4.3,,,,,,,33,,,,,23,274,1,11.8,1.4/2.0,,,,,,,1,25.00
241,Demond Claiborne,RB,MIN,6,GB,,10,199,RB73,,,,,,,,,,,,,,,,23,4.3,33,142,1,4,24,,6.0,0.2/0.3,,,,,,,1,25.10
242,Emanuel Wilson,RB,SEA,11,NE,80,6,253,RB74,4.0,125,496,3,15,99,,6.6,0.9/1.0,,,,,,,19,4.2,33,138,,7,48,,6.9,0.4/0.6,,,,,,,1,25.20
243,Ted Hurst,WR,TB,10,@CIN,,11,237,WR90,,,,,,,,,,,,,,,,44,,,,,24,319,2,13.6,1.4/2.2,,,,,,,1,25.30
244,Kimani Vidal,RB,LAC,7,ARI,102,28,246,RB75,4.1,155,643,3,16,136,1,8.5,1.2/1.7,,,,,,,30,4.1,42,173,1,9,64,,7.1,0.5/0.8,,,,,,,1,25.40
245,Nicholas Singleton,RB,TEN,9,NYJ,,14,204,RB76,,,,,,,,,,,,,,,,19,4.2,25,105,1,3,22,,7.3,0.2/0.2,,,,,,,1,25.50
246,Andrei Iosivas,WR,CIN,6,TB,57,8,236,WR91,4.7,3,14,,33,435,2,13.2,1.9/3.4,,,,,,,57,,,,,32,386,3,12.1,1.9/3.1,,,,,,,1,25.60
247,Chimere Dike,WR,TEN,9,NYJ,66,7,250,WR92,1.6,11,18,,48,423,4,8.8,2.8/4.4,,,,,,,42,5.2,12,62,,23,238,2,10.3,1.4/2.1,,,,,,,1,25.70
248,Tua Tagovailoa,QB,ATL,11,@PIT,161,14,208,QB31,2.2,20,43,,,,,,,2660,20,15,68%,27.4,10.2,67,2.6,5,13,,,,,,,1148,7,4,68%,31.4,10.5,1,25.80
249,Xavier Hutchinson,WR,HOU,8,BUF,63,3,370,WR93,7.3,3,22,,35,428,3,12.2,2.1/3.4,,,,,,,25,5.8,2,10,,17,183,1,10.8,1.0/1.9,,,,,,,1,25.90
250,Kendrick Bourne,WR,ARI,14,@LAC,55,18,284,WR94,,,,,37,551,,14.9,2.3/3.3,,,,,,,37,,,,,23,248,2,10.8,1.4/2.2,,,,,,,1,26.00
251,Kalif Raymond,WR,CHI,10,@CAR,37,27,298,WR95,9.5,2,19,,24,289,1,12.0,1.6/2.0,,,,,,,29,5.8,3,20,,21,214,1,10.2,1.2/1.8,,,,,,,1,26.10
252,Darren Waller,TE,CAR,5,CHI,65,23,245,TE34,4.0,1,4,,24,283,6,11.8,2.7/3.8,,,,,,,71,,,,,40,412,5,10.3,2.4/3.4,,,,,,,1,26.20
253,Philadelphia Eagles,DST,PHI,10,WAS,,,100,DST32,,,,,,,,,,,,,,,,150,,,,,,,,,,,,,,,,1,26.30
254,Tyler Loop,K,BAL,13,@IND,,,139.8,K8,,,,,,,,,,,,,,,,155,,,,,,,,,,,,,,,,1,26.40
255,Demario Douglas,WR,NE,11,@SEA,65,28,306,WR96,3.0,7,21,,31,447,3,14.4,1.8/2.7,,,,,,,46,5.2,5,27,,26,315,2,12.0,1.5/2.2,,,,,,,1,26.50
256,David Njoku,TE,LAC,7,ARI,53,22,124.2,TE35,,,,,33,293,4,8.9,2.8/4.0,,,,,,,32,,,,,19,200,2,10.4,1.1/1.6,,,,,,,1,26.60
257,Evan McPherson,K,CIN,6,TB,,,142.4,K9,,,,,,,,,,,,,,,,158,,,,,,,,,,,,,,,,1,26.70
258,Evan Engram,TE,DEN,10,@KC,53,20,227,TE36,7.0,1,7,,50,461,1,9.2,3.1/4.8,,,,,,,52,,,,,43,400,2,9.3,2.5/3.7,,,,,,,1,26.80
259,Dawson Knox,TE,BUF,7,@HOU,68,24,255,TE37,,,,,36,417,4,11.6,2.1/2.9,,,,,,,35,,,,,21,228,2,10.8,1.2/1.9,,,,,,,1,26.90
260,Troy Franklin,WR,DEN,10,@KC,112,29,212,WR97,2.4,5,12,,65,709,6,10.9,3.8/6.1,,,,,,,34,5.2,3,18,,16,200,2,12.4,0.9/1.5,,,,,,,1,27.00
261,Darius Slayton,WR,NYG,8,DAL,62,9,246,WR98,,,,,37,538,1,14.5,2.6/4.5,,,,,,,43,,,,,22,309,2,14.0,1.3/2.4,,,,,,,1,27.10
262,Joshua Palmer,WR,BUF,7,@HOU,30,21,301,WR99,,,,,22,303,,13.8,1.8/3.1,,,,,,,26,,,,,16,196,1,12.3,0.9/1.6,,,,,,,1,27.20
263,Darnell Washington,TE,PIT,9,ATL,42,12,232,TE38,,,,,31,364,1,11.7,1.9/2.7,,,,,,,48,,,,,32,363,2,11.3,1.9/2.8,,,,,,,1,27.30
264,Chris Boswell,K,PIT,9,ATL,,,134.6,K10,,,,,,,,,,,,,,,,144,,,,,,,,,,,,,,,,1,27.40
265,Antonio Williams,WR,WAS,7,@PHI,,16,229,WR100,5.2,12,,,1,,,20.0,1.0/1.0,,,,,,,40,5.0,3,15,,21,262,2,12.5,1.2/2.0,,,,,,,1,27.50
266,Marvin Mims Jr.,WR,DEN,10,@KC,50,29,198.5,WR101,6.5,12,78,1,37,322,1,8.7,2.5/3.4,,,,,,,40,4.9,5,25,,22,252,2,11.5,1.3/1.7,,,,,,,1,27.60
267,New England Patriots,DST,NE,11,@SEA,,,267,DST32,,,,,,,,,,,,,,,,149,,,,,,,,,,,,,,,,1,27.70
268,Xavier Legette,WR,CAR,5,CHI,54,20,280,WR102,,1,,,35,363,3,10.4,2.3/4.3,,,,,,,56,5.0,2,9,,35,375,3,10.7,2.1/4.0,,,,,,,1,27.80
269,Will Reichard,K,MIN,6,GB,,,142.5,K11,,,,,,,,,,,,,,,,152,,,,,,,,,,,,,,,,1,27.90
270,Bryce Lance,WR,NO,8,@DET,,6,282,WR103,,,,,,,,,,,,,,,,26,,,,,17,195,1,11.6,1.0/1.6,,,,,,,1,28.00
271,Chicago Bears,DST,CHI,10,@CAR,,,173,DST32,,,,,,,,,,,,,,,,151,,,,,,,,,,,,,,,,1,28.10
272,Darnell Mooney,WR,NYG,8,DAL,50,9,241,WR104,,,,,32,443,1,13.8,2.1/4.8,,,,,,,42,,,,,21,300,2,14.3,1.2/2.4,,,,,,,1,28.20
273,Harrison Butker,K,KC,5,DEN,,,130.1,K12,,,,,,,,,,,,,,,,149,,,,,,,,,,,,,,,,1,28.30
274,Treylon Burks,WR,WAS,7,@PHI,19,16,285,WR105,,,,,10,130,1,13.0,1.3/2.8,,,,,,,41,,,,,22,292,2,13.3,1.3/2.3,,,,,,,1,28.40
275,Harrison Mevis,K,LAR,11,SF,,,132.9,K13,,,,,,,,,,,,,,,,150,,,,,,,,,,,,,,,,1,28.50
276,Michael Penix Jr.,QB,ATL,11,@PIT,120,14,233,QB32,3.3,21,70,1,,,,,,1982,9,3,60%,30.7,11.9,189,3.7,14,52,1,,,,,,2945,19,8,62%,31.8,11.4,1,28.60
277,Chase McLaughlin,K,TB,10,@CIN,,,140.1,K14,,,,,,,,,,,,,,,,150,,,,,,,,,,,,,,,,1,28.70
278,George Holani,RB,SEA,11,NE,13,6,207,RB77,3.3,22,73,1,2,15,,7.5,0.2/0.2,,,,,,,20,4.1,37,150,,7,45,,6.8,0.4/0.5,,,,,,,1,28.80
279,KaVontae Turpin,WR,DAL,14,@NYG,59,10,273,WR106,5.2,17,89,,26,396,2,15.2,1.7/2.5,,,,,,,41,5.9,17,100,,15,191,2,13.0,0.9/1.4,,,,,,,1,28.90
280,Jack Bech,WR,LV,13,MIA,22,32,233,WR107,,,,,20,224,,11.2,1.3/1.8,,,,,,,49,,,,,32,371,2,11.6,1.9/3.1,,,,,,,1,29.00
281,Cole Kmet,TE,CHI,10,@CAR,49,30,277,TE39,,,,,30,347,2,11.6,1.9/3.0,,,,,0.1,,49,,,,,29,309,3,10.7,1.7/2.5,,,,,,,1,29.10
282,Demarcus Robinson,WR,SF,8,@LAR,36,26,378,WR108,6.0,1,6,,22,276,1,12.5,1.6/2.5,,,,,,,7,,,,,5,72,,14.8,0.3/0.5,,,,,,,1,29.20
283,Elic Ayomanor,WR,TEN,9,NYJ,76,7,271,WR109,,,,,41,515,4,12.6,2.6/5.6,,,,,,,34,,,,,17,218,2,12.7,1.0/1.9,,,,,,,1,29.30
284,Noah Gray,TE,KC,5,DEN,18,14,292,TE40,,,,,21,178,,8.5,1.3/2.3,,,,,,,33,,,,,27,266,1,9.7,1.6/2.4,,,,,,,1,29.40
285,Jonnu Smith,TE,GB,11,@MIN,47,29,406,TE41,7.8,9,70,1,38,222,2,5.8,2.2/3.2,,,,,,,43,,,,,31,314,2,10.1,1.8/2.6,,,,,,,1,29.50
286,Spencer Shrader,K,IND,13,BAL,,,,K15,,,,,,,,,,,,,,,,150,,,,,,,,,,,,,,,,1,29.60
287,Trey Smack,K,GB,11,@MIN,,,,K16,,,,,,,,,,,,,,,,136,,,,,,,,,,,,,,,,1,29.70
288,Isaiah Davis,RB,NYJ,13,@TEN,50,23,346,RB78,5.5,43,236,1,21,186,,8.9,1.3/1.8,,,,,,,27,4.7,29,134,1,10,76,,7.6,0.6/0.8,,,,,,,1,29.80
289,Kirk Cousins,QB,LV,13,MIA,104,32,247,QB33,0.5,14,7,1,,,,,,1721,10,5,62%,24.5,10.4,108,1.7,9,14,,,,,,,1919,11,7,66%,34.8,10.5,1,29.90
290,Jalen Tolbert,WR,MIA,6,@LV,28,22,261,WR110,,,,,18,203,1,11.3,1.4/2.6,,,,,,,55,,,,,38,431,2,11.4,2.2/3.8,,,,,,,1,30.00
291,Jahdae Walker,WR,CHI,10,@CAR,21,27,319,WR111,,,,,6,87,2,14.5,0.7/1.1,,,,,,,6,,,,,5,62,,13.0,0.3/0.5,,,,,,,1,30.10
292,Deshaun Watson,QB,CLE,11,@JAX,,2,226,QB34,4.8,31,,,,,,,,,,,,30.9,8.4,102,4.3,22,94,1,,,,,,1662,8,6,62%,28.8,10.3,1,30.20
293,Dallas Cowboys,DST,DAL,14,@NYG,,,270,DST32,,,,,,,,,,,,,,,,115,,,,,,,,,,,,,,,,1,30.30
294,Tez Johnson,WR,TB,10,@CIN,64,11,281,WR112,3.1,7,22,,28,322,5,11.5,1.8/2.8,,,,,,,17,5.9,3,20,,7,86,1,11.7,0.4/0.7,,,,,,,1,30.40
295,Shedeur Sanders,QB,CLE,11,@JAX,85,2,231,QB35,8.0,21,169,1,,,,,,1400,7,10,57%,26.5,11.7,126,5.1,25,128,1,,,,,,2090,9,6,62%,29.8,11.1,1,30.50
296,Marquise Brown,WR,PHI,10,,89,1,178,WR113,,,,,49,587,5,12.0,3.1/4.6,,,,,,,18,,,,,11,121,1,11.0,0.6/1.1,,,,,,,1,30.60
297,Kansas City Chiefs,DST,KC,5,DEN,,,164,DST32,,,,,,,,,,,,,,,,125,,,,,,,,,,,,,,,,1,30.70
298,New York Giants,DST,NYG,8,DAL,,,254,DST32,,,,,,,,,,,,,,,,133,,,,,,,,,,,,,,,,1,30.80
299,Cairo Santos,K,CHI,10,@CAR,,,144.2,K17,,,,,,,,,,,,,,,,138,,,,,,,,,,,,,,,,1,30.90
300,Theo Johnson,TE,NYG,8,DAL,83,6,249,TE42,,,,,45,528,5,11.7,3.0/4.9,,,,,,,45,,,,,30,326,2,10.8,1.8/2.6,,,,,,,1,31.00
301,Buffalo Bills,DST,BUF,7,@HOU,,,142,DST32,,,,,,,,,,,,,,,,146,,,,,,,,,,,,,,,,1,31.10
302,Devin Singletary,RB,NYG,8,DAL,91,9,343,RB79,3.7,119,437,5,18,151,,8.4,1.1/1.1,,,,,,,11,4.0,22,87,,3,19,,6.5,0.2/0.2,,,,,,,1,31.20
303,San Francisco 49ers,DST,SF,8,@LAR,,,163,DST32,,,,,,,,,,,,,,,,126,,,,,,,,,,,,,,,,1,31.30
304,Trevor Etienne,RB,CAR,5,CHI,11,31,331,RB80,4.7,20,94,,3,13,,4.3,0.2/0.2,,,,,,,8,4.2,14,60,,3,22,,7.1,0.2/0.3,,,,,,,1,31.40
305,Noah Fant,TE,NO,8,@DET,41,16,370,TE43,,,,,34,288,3,8.5,2.3/2.7,,,,,,,36,,,,,25,242,2,9.7,1.5/1.9,,,,,,,1,31.50
306,Daniel Bellinger,TE,TEN,9,NYJ,41,8,371,TE44,,,,,19,286,2,15.1,1.2/1.6,,,,,,,19,,,,,14,127,1,8.9,0.8/1.2,,,,,,,1,31.60
307,Keon Coleman,WR,BUF,7,@HOU,64,21,218,WR114,,,,,38,404,4,10.6,2.9/4.5,,,,,,,39,,,,,20,269,2,13.4,1.2/2.1,,,,,,,1,31.70
308,Elijah Sarratt,WR,BAL,13,@IND,,19,204,WR115,,,,,,,,,,,,,,,,30,,,,,18,237,1,13.2,1.1/1.8,,,,,,,1,31.80
309,Jake Tonges,TE,SF,8,@LAR,59,27,240,TE45,,,,,34,293,5,8.6,2.0/2.7,,,,,,,24,,,,,18,182,1,10.1,1.1/1.5,,,,,,,1,31.90
310,Brashard Smith,RB,KC,5,DEN,38,22,385,RB81,3.4,44,151,,25,172,1,6.9,1.5/2.1,,,,,,,6,4.1,7,28,,4,28,,7.6,0.2/0.3,,,,,,,1,32.00
311,Eli Raridon,TE,NE,11,@SEA,,21,278,TE46,,,,,,,,,,,,,,,,26,,,,,18,201,1,10.9,1.1/1.6,,,,,,,1,32.10
312,Skyler Bell,WR,BUF,7,@HOU,,21,245,WR116,,,,,,,,,,,,,,,,16,,,,,8,104,1,13.3,0.5/0.8,,,,,,,1,32.20
313,Elijah Arroyo,TE,SEA,11,NE,22,17,279,TE47,,,,,15,179,1,11.9,1.2/2.0,,,,,,,38,,,,,23,263,2,11.4,1.4/2.1,,,,,,,1,32.30
314,Odell Beckham Jr.,WR,NYG,8,DAL,,9,294,WR117,,,,,9,,,6.1,1.0/2.0,,,,,,,36,,,,,23,240,2,10.4,1.4/2.5,,,,,,,1,32.40
315,Tutu Atwell,WR,LAR,11,SF,25,25,314,WR118,,,,,6,192,1,32.0,0.6/1.5,,,,,,,8,5.3,2,9,,5,69,,13.7,0.3/0.5,,,,,,,1,32.50
316,Ollie Gordon II,RB,MIA,6,@LV,47,20,263,RB82,2.8,70,199,3,7,32,1,4.6,0.4/0.5,,,,,,,20,4.1,27,110,1,4,28,,7.1,0.2/0.4,,,,,,,1,32.60
317,Audric Estime,RB,NO,8,@DET,36,3,367,RB83,4.3,46,198,1,12,103,,8.6,1.7/1.9,,,,,,,9,4.1,16,67,,4,20,,5.0,0.2/0.3,,,,,,,1,32.70
318,Wil Lutz,K,DEN,10,@KC,,,136.2,K18,,,,,,,,,,,,,,,,146,,,,,,,,,,,,,,,,1,32.80
319,Erick All Jr.,TE,CIN,6,TB,,4,288,TE48,,,,,20,,,7.9,2.2/2.4,,,,,,,11,,,,,6,52,1,8.6,0.4/0.5,,,,,,,1,32.90
320,Kyle Williams,WR,NE,11,@SEA,39,28,287,WR119,1.5,2,3,,10,209,3,20.9,0.6/1.2,,,,,,,24,,,,,12,176,1,15.0,0.7/1.2,,,,,,,1,33.00
321,Zavion Thomas,WR,CHI,10,@CAR,,27,248,WR120,,,,,,,,,,,,,,,,20,5.0,3,17,,10,125,1,12.3,0.6/1.1,,,,,,,1,33.10
322,Tyler Bass,K,BUF,7,@HOU,,,165,K19,,,,,,,,,,,,,,,,145,,,,,,,,,,,,,,,,1,33.20
323,Ty Johnson,RB,BUF,7,@HOU,76,30,257,RB84,4.0,50,200,3,24,263,2,11.0,1.4/1.9,,,,,,,54,4.2,38,159,1,20,195,2,9.8,1.2/1.6,,,,,,,1,33.30
324,Mason Taylor,TE,NYJ,13,@TEN,45,31,262,TE49,,,,,44,369,1,8.4,3.4/5.0,,,,,,,34,,,,,33,283,1,8.6,1.9/2.8,,,,,,,1,33.40
325,Marlin Klein,TE,HOU,8,BUF,,11,380,TE50,,,,,,,,,,,,,,,,27,,,,,20,207,1,10.4,1.2/1.8,,,,,,,1,33.50
326,LeQuint Allen Jr.,RB,JAX,7,CLE,15,16,260,RB85,4.1,23,94,,10,54,,5.4,0.6/0.6,,,,,,,27,4.2,10,40,,25,166,1,6.6,1.5/1.9,,,,,,,1,33.60
327,Darius Cooper,WR,PHI,10,WAS,9,1,393,WR121,,,,,9,92,,10.2,0.8/0.9,,,,,,,26,,,,,19,203,1,10.9,1.1/1.8,,,,,,,1,33.70
328,Kyle Juszczyk,RB,SF,8,@LAR,,15,387,RB86,3.8,17,,,19,,,10.6,1.2/1.9,,,,,,,26,4.5,12,54,,17,141,1,8.3,1.0/1.3,,,,,,,1,33.80
329,Kendre Miller,RB,NO,8,@DET,28,3,390,RB87,4.1,47,193,1,5,30,,6.0,0.7/0.7,,,,,,,23,4.1,36,149,1,4,21,,5.5,0.2/0.3,,,,,,,1,33.90
330,Jordan Whittington,WR,LAR,11,SF,18,25,338,WR122,4.0,3,12,,18,171,,9.5,1.1/1.5,,,,,,,21,5.4,3,18,,12,133,1,11.1,0.7/1.0,,,,,,,1,34.00
331,Olamide Zaccheaus,WR,ATL,11,@PIT,46,15,295,WR123,6.2,4,25,,39,313,2,8.0,2.4/4.1,,,,,,,32,6.0,2,10,,18,190,2,10.5,1.1/1.8,,,,,,,1,34.10
332,Daniel Carlson,K,NO,8,@DET,,,225,K20,,,,,,,,,,,,,,,,147,,,,,,,,,,,,,,,,1,34.20
333,Tampa Bay Buccaneers,DST,TB,10,@CIN,,,277,DST32,,,,,,,,,,,,,,,,113,,,,,,,,,,,,,,,,1,34.30
334,Tennessee Titans,DST,TEN,9,NYJ,,,0,DST32,,,,,,,,,,,,,,,,104,,,,,,,,,,,,,,,,1,34.40
335,Will Shipley,RB,PHI,10,WAS,9,4,370,RB88,3.5,14,49,,9,56,,6.2,0.6/0.8,,,,,,,6,4.0,11,43,,2,15,,7.7,0.1/0.2,,,,,,,1,34.50
336,Oscar Delp,TE,NO,8,@DET,,16,267,TE51,,,,,,,,,,,,,,,,6,,,,,6,55,,9.2,0.4/0.6,,,,,,,1,34.60
337,Jake Elliott,K,PHI,10,WAS,,,194,K21,,,,,,,,,,,,,,,,139,,,,,,,,,,,,,,,,1,34.70
338,Austin Hooper,TE,ATL,11,@PIT,38,5,377,TE52,,,,,21,263,2,12.5,1.3/1.6,,,,,,,16,,,,,11,102,1,9.2,0.6/0.9,,,,,,,1,34.80
339,Tank Dell,WR,HOU,8,BUF,,3,193,WR124,4.8,9,,,51,,,13.1,3.6/5.8,,,,,,,39,5.0,4,20,,20,249,2,12.5,2.0/3.4,,,,,,,1,34.90
340,Christian Kirk,WR,SF,8,@LAR,30,26,224,WR125,,,,,28,239,1,8.5,2.2/4.0,,,,,,,32,,,,,20,262,1,13.0,1.6/2.5,,,,,,,1,35.00
341,Konata Mumpfield,WR,LAR,11,SF,15,25,300,WR126,,,,,10,92,1,9.2,0.6/1.4,,,,,,,16,,,,,8,99,1,12.3,0.5/0.9,,,,,,,1,35.10
342,Andy Borregales,K,NE,11,@SEA,,,,K22,,,,,,,,,,,,,,,,146,,,,,,,,,,,,,,,,1,35.20
343,Luke Schoonmaker,TE,DAL,14,@NYG,13,10,359,TE53,,,,,14,132,,9.4,0.8/1.4,,,,,,,18,,,,,12,118,1,9.7,0.7/1.1,,,,,,,1,35.30
344,Matthew Hibner,TE,,,,,,280,TE54,,,,,,,,,,,,,,,,,,,,,,,,,,,,,,,,1,35.40
345,Green Bay Packers,DST,GB,11,@MIN,,,162,DST32,,,,,,,,,,,,,,,,148,,,,,,,,,,,,,,,,1,35.50
346,Jaylin Lane,WR,WAS,7,@PHI,21,16,324,WR127,7.0,1,7,,16,225,,14.1,1.1/2.1,,,,,,,34,,,,,16,216,2,13.5,0.9/1.6,,,,,,,1,35.60
347,J.J. McCarthy,QB,MIN,6,GB,125,7,283,QB36,4.9,37,181,4,,,,,,1632,11,12,58%,24.3,11.7,48,4.5,11,50,1,,,,,,717,3,2,62%,34.0,11.3,1,35.70
348,DJ Giddens,RB,IND,13,BAL,10,13,244,RB89,3.7,26,96,,,,,,—/0.2,,,,,,,11,4.1,19,78,,5,34,,6.6,0.3/0.4,,,,,,,1,35.80
349,Nate Boerkircher,TE,JAX,7,CLE,,7,357,TE55,,,,,,,,,,,,,,,,11,,,,,5,48,1,9.8,0.3/0.4,,,,,,,1,35.90
350,Elijah Higgins,TE,ARI,14,@LAC,28,19,368,TE56,,,,,30,301,,10.0,1.8/2.2,,,,,,,23,,,,,19,169,1,8.9,1.1/1.6,,,,,,,1,36.00
351,Cade Stover,TE,HOU,8,BUF,8,11,376,TE57,0.8,4,3,,12,76,,6.3,1.3/1.8,,,,,,,4,2.7,3,7,,4,34,,8.6,0.2/0.4,,,,,,,1,36.10
352,Indianapolis Colts,DST,IND,13,BAL,,,0,DST32,,,,,,,,,,,,,,,,122,,,,,,,,,,,,,,,,1,36.20
353,Barion Brown,WR,NO,8,@DET,,6,380,WR128,,,,,,,,,,,,,,,,8,,,,,7,82,,11.4,0.4/0.7,,,,,,,1,36.30
354,Detroit Lions,DST,DET,6,NO,,,176,DST32,,,,,,,,,,,,,,,,141,,,,,,,,,,,,,,,,1,36.40
355,Cleveland Browns,DST,CLE,11,@JAX,,,230,DST32,,,,,,,,,,,,,,,,126,,,,,,,,,,,,,,,,1,36.50
356,Ja'Tavion Sanders,TE,CAR,5,CHI,25,23,258,TE58,,,,,29,190,1,6.6,2.2/2.6,,,,,,,22,,,,,18,158,1,8.8,1.1/1.5,,,,,,,1,36.60
357,Nick Folk,K,ATL,11,@PIT,,,218,K23,,,,,,,,,,,,,,,,143,,,,,,,,,,,,,,,,1,36.70
358,Kevin Coleman Jr.,WR,MIA,6,@LV,,22,286,WR129,,,,,,,,,,,,,,,,9,,,,,9,90,,10.2,0.5/0.9,,,,,,,1,36.80
359,Haynes King,QB,CAR,5,CHI,,21,363,QB37,,,,,,,,,,,,,,,,,,,,,,,,,,,,,,,,1,36.90
360,Brenen Thompson,WR,LAC,7,ARI,,31,265,WR130,,,,,,,,,,,,,,,,9,5.0,2,9,,6,76,,12.5,0.4/0.6,,,,,,,1,37.00
361,Tyler Higbee,TE,LAR,11,SF,46,15,352,TE59,,,,,25,281,3,11.2,2.5/3.6,,,,,,,24,,,,,17,177,1,10.4,1.0/1.6,,,,,,,1,37.10
362,Matt Gay,K,LV,13,MIA,,,215,K24,,,,,,,,,,,,,,,,125,,,,,,,,,,,,,,,,1,37.20
363,Brandon Aiyuk,WR,SF,8,@LAR,,26,194,WR131,,,,,,,,,,,,,,,,69,,,,,39,507,3,13.0,2.3/3.5,,,,,,,1,37.30
364,Atlanta Falcons,DST,ATL,11,@PIT,,,330,DST32,,,,,,,,,,,,,,,,140,,,,,,,,,,,,,,,,1,37.40
365,Cedric Tillman,WR,CLE,11,@JAX,39,5,361,WR132,,,,,21,270,2,12.9,1.6/3.0,,,,,,,42,,,,,28,303,2,11.0,1.6/2.9,,,,,,,1,37.50
366,New York Jets,DST,NYJ,13,@TEN,,,202,DST32,,,,,,,,,,,,,,,,99,,,,,,,,,,,,,,,,1,37.60
367,Adam Trautman,TE,DEN,10,@KC,26,20,376,TE60,,,,,20,195,1,9.8,1.2/1.4,,,,,,,18,,,,,13,124,1,9.6,0.8/1.1,,,,,,,1,37.70
368,Dyami Brown,WR,WAS,7,@PHI,30,16,364,WR133,5.0,6,30,,20,227,1,11.4,1.4/2.6,,,,,,,17,,,,,9,113,1,12.6,0.5/0.9,,,,,,,1,37.80
369,Jacob Cowing,WR,SF,8,@LAR,,26,398,WR134,7.0,1,,,4,,,20.0,0.3/0.4,,,,,,,3,,,,,2,28,,14.8,0.1/0.2,,,,,,,1,37.90
370,John Bates,TE,WAS,7,@PHI,16,25,375,TE61,,,,,11,103,1,9.4,0.7/1.1,,,,,,,9,,,,,10,91,,9.3,0.6/0.8,,,,,,,1,38.00
371,Tommy Tremble,TE,CAR,5,CHI,37,23,350,TE62,,,,,27,249,2,9.2,1.6/2.2,,,,,,,10,,,,,11,102,,9.3,0.6/0.9,,,,,,,1,38.10
372,Las Vegas Raiders,DST,LV,13,MIA,,,0,DST32,,,,,,,,,,,,,,,,108,,,,,,,,,,,,,,,,1,38.20
373,Eli Stowers,TE,PHI,10,WAS,,1,199,TE63,,,,,,,,,,,,,,,,10,2.8,5,14,,9,84,,9.1,0.5/0.8,,,,,,,1,38.30
374,Max Klare,TE,LAR,11,SF,,15,308,TE64,,,,,,,,,,,,,,,,,,,,,,,,,,,,,,,,1,38.40
375,Dylan Laube,RB,LV,13,MIA,1,32,408,RB90,1.3,7,9,,3,18,,6.0,0.2/0.2,,,,,,,3,4.0,4,17,,2,10,,6.6,0.1/0.2,,,,,,,1,38.50
376,Jaydon Blue,RB,PHI,10,WAS,19,4,222,RB91,3.4,38,129,1,1,5,,5.0,0.2/0.2,,,,,,,52,4.2,69,285,3,8,57,,7.0,0.5/0.6,,,,,,,1,38.60
377,Joey Slye,K,TEN,9,NYJ,,,264,K25,,,,,,,,,,,,,,,,127,,,,,,,,,,,,,,,,1,38.70
378,Chad Ryland,K,ARI,14,@LAC,,,0,K26,,,,,,,,,,,,,,,,129,,,,,,,,,,,,,,,,1,38.80
379,Ryan Fitzgerald,K,CAR,5,CHI,,,,K27,,,,,,,,,,,,,,,,132,,,,,,,,,,,,,,,,1,38.90
380,Ashton Dulin,WR,IND,13,BAL,15,17,299,WR135,14.7,3,44,,5,106,,21.2,0.4/0.8,,,,,,,13,6.8,5,35,,7,90,,12.5,0.4/0.7,,,,,,,1,39.00
381,Riley Patterson,K,MIA,6,@LV,,,204,K28,,,,,,,,,,,,,,,,124,,,,,,,,,,,,,,,,1,39.10
382,New Orleans Saints,DST,NO,8,@DET,,,0,DST32,,,,,,,,,,,,,,,,129,,,,,,,,,,,,,,,,1,39.20
383,Ty Simpson,QB,LAR,11,SF,,17,339,QB38,,,,,,,,,,,,,,,,,,,,,,,,,,,,,,,,1,39.30
384,Tyler Conklin,TE,DET,6,NO,10,26,399,TE65,2.0,1,2,,7,101,,14.4,0.5/0.8,,,,,,,26,,,,,,,,15.0,0.2/—,,,,,,,1,39.40
385,Carolina Panthers,DST,CAR,5,CHI,,,313,DST32,,,,,,,,,,,,,,,,106,,,,,,,,,,,,,,,,1,39.50
386,Tanner Hudson,TE,CIN,6,TB,29,4,330,TE66,,,,,19,168,2,8.8,1.3/1.6,,,,,,,15,,,,,11,93,1,8.5,0.6/0.9,,,,,,,1,39.60
387,Arizona Cardinals,DST,ARI,14,@LAC,,,201,DST32,,,,,,,,,,,,,,,,103,,,,,,,,,,,,,,,,1,39.70
388,Brock Wright,TE,DET,6,NO,23,26,383,TE67,,,,,14,108,2,7.7,1.3/2.0,,,,,,,14,,,,,10,83,1,8.3,0.6/0.9,,,,,,,1,39.80
389,Davis Allen,TE,LAR,11,SF,39,15,326,TE68,,,,,24,208,3,8.7,1.4/1.9,,,,,,,14,,,,,9,82,1,9.1,0.5/0.8,,,,,,,1,39.90
390,Josh Oliver,TE,MIN,6,GB,40,9,367,TE69,,,,,15,160,4,10.7,1.0/1.3,,,,,,,24,,,,,20,182,1,9.1,1.2/1.6,,,,,,,1,40.00
391,Miami Dolphins,DST,MIA,6,@LV,,,252,DST32,,,,,,,,,,,,,,,,104,,,,,,,,,,,,,,,,1,40.10
392,Adam Randall,RB,BAL,13,@IND,,19,225,RB92,,,,,,,,,,,,,,,,18,4.1,21,86,1,4,30,,7.4,0.3/0.5,,,,,,,1,40.20
393,Greg Dortch,WR,BUF,7,@HOU,46,21,335,WR136,2.1,7,15,1,29,206,3,7.1,2.4/2.8,,,,,,,33,4.5,5,23,,25,247,1,9.8,1.5/2.0,,,,,,,1,40.30
394,Eli Heidenreich,WR,,,ATL,,,323,WR137,,,,,,,,,,,,,,,,,,,,,,,,,,,,,,,,1,40.40
395,Tory Horton,WR,SEA,11,NE,46,13,225,WR138,,,,,13,161,5,12.4,1.6/2.8,,,,,,,47,,,,,24,352,2,14.7,2.0/3.5,,,,,,,1,40.50
396,Emari Demercado,RB,DAL,14,@NYG,45,5,266,RB93,7.1,44,312,,13,101,1,7.8,1.0/1.5,,,,,,,30,4.2,41,172,1,8,65,,8.1,0.5/0.6,,,,,,,1,40.60
397,Luke Farrell,TE,SF,8,@LAR,19,27,371,TE70,,,,,11,85,2,7.7,0.6/0.8,,,,,,,15,,,,,8,91,1,11.4,0.5/0.8,,,,,,,1,40.70
398,Cincinnati Bengals,DST,CIN,6,TB,,,209,DST32,,,,,,,,,,,,,,,,95,,,,,,,,,,,,,,,,1,40.80
399,Savion Williams,WR,GB,11,@MIN,16,12,270,WR139,3.4,11,37,,10,78,1,7.8,0.8/0.8,,,,,,,20,4.6,8,37,,10,101,1,10.1,0.8/1.2,,,,,,,1,40.90
400,Washington Commanders,DST,WAS,7,@PHI,,,195,DST32,,,,,,,,,,,,,,,,109,,,,,,,,,,,,,,,,1,41.00