RK,Player,Pos,Team,BYE,Opp,PTS,SoS Rank,P-RK,YPC,Rush,RUSH YDS,RUSH TD,REC,REC YDS,REC TD,YPR,Rec/Tar Game,PASS YDS,PASS TD,INT,CMP%,ATT/ GM,QB YPC,PTS (Projections),YPC (Projections),Rush (Projections),RUSH YDS (Projections),RUSH TD (Projections),REC (Projections),REC YDS (Projections),REC TD (Projections),YPR (Projections),Rec/Tar Game (Projections),PASS YDS (Projections),PASS TD (Projections),INT (Projections),CMP% (Projections),ATT/ GM (Projections),QB YPC (Projections),Auction $,Target Round
1,Jahmyr Gibbs,RB,DET,6,NO,328,1,RB1,5.0,243,1223,13,77,616,5,8.0,4.5/5.5,,,,,,,338,4.9,264,1306,15,71,577,4,8.1,4.2/5.4,,,,,,,,1.10
2,Bijan Robinson,RB,ATL,11,@PIT,331,12,RB2,5.1,287,1478,7,79,820,4,10.4,4.6/6.1,,,,,,,334,4.8,291,1386,9,78,728,5,9.3,4.6/6.0,,,,,,,,1.20
3,Ja'Marr Chase,WR,CIN,6,TB,251,8,WR1,4.7,3,14,,125,1412,8,11.3,7.8/11.6,,,,,,,272,5.1,3,17,,114,1409,12,12.4,6.7/9.9,,,,,,,,1.30
4,Puka Nacua,WR,LAR,11,SF,311,25,WR2,10.5,10,105,1,129,1715,10,13.3,8.1/10.4,,,,,,,290,6.9,14,94,1,119,1551,10,13.0,7.0/9.8,,,,,,,,1.40
5,Jaxon Smith-Njigba,WR,SEA,11,NE,300,13,WR3,5.1,7,36,,119,1793,10,15.1,7.0/9.6,,,,,,,276,5.2,5,27,,114,1626,9,14.2,6.7/9.6,,,,,,,,1.50
6,Christian McCaffrey,RB,SF,8,@LAR,366,15,RB3,3.9,311,1202,10,102,924,7,9.1,6.0/7.6,,,,,0.1,,330,4.0,285,1151,11,80,726,6,9.1,4.7/6.2,,,,,,,,1.60
7,Amon-Ra St. Brown,WR,DET,6,NO,266,14,WR4,3.0,3,9,,117,1401,11,12.0,6.9/10.1,,,,,,,256,5.7,2,10,,116,1373,10,11.8,6.8/9.9,,,,,,,,1.70
8,Jonathan Taylor,RB,IND,13,BAL,339,13,RB4,4.9,323,1585,18,46,378,2,8.2,2.7/3.2,,,,,,,309,4.7,329,1539,14,47,359,2,7.6,2.8/3.5,,,,,,,,1.80
9,CeeDee Lamb,WR,DAL,14,@NYG,163,10,WR5,2.0,1,2,,75,1077,3,14.4,5.4/8.4,,,,,,,247,6.0,3,20,,106,1382,9,13.1,6.2/9.4,,,,,,,,1.90
10,James Cook III,RB,BUF,7,@HOU,286,30,RB5,5.2,309,1621,12,33,291,2,8.8,1.9/2.4,,,,,,,281,4.7,304,1441,12,39,334,2,8.6,2.3/3.1,,,,,,,,2.00
11,Justin Jefferson,WR,MIN,6,GB,160,2,WR6,3.5,2,7,,84,1048,2,12.5,4.9/8.3,,,,,,,247,4.2,2,7,,111,1430,8,12.9,6.5/9.9,,,,,,,,2.10
12,Derrick Henry,RB,BAL,13,@IND,272,19,RB6,5.2,307,1595,16,15,150,,10.0,0.9/1.2,,,,,0.1,,276,4.9,311,1536,14,22,216,1,9.8,1.3/1.8,,,,,,,,2.20
13,Saquon Barkley,RB,PHI,10,WAS,214,4,RB7,4.1,280,1140,7,37,273,2,7.4,2.3/3.1,,,,,,,260,4.3,292,1241,11,39,328,3,8.4,2.3/3.1,,,,,,,,2.30
14,Kenneth Walker III,RB,KC,5,DEN,176,22,RB8,4.6,221,1027,5,31,282,,9.1,1.8/2.1,,,,,,,259,4.4,277,1227,10,51,391,2,7.7,3.0/3.8,,,,,,,,2.40
15,Chase Brown,RB,CIN,6,TB,248,27,RB9,4.4,232,1019,6,69,437,5,6.3,4.1/5.2,,,,,,,256,4.4,237,1045,8,67,462,4,6.9,3.9/5.0,,,,,,,,2.50
16,Omarion Hampton,RB,LAC,7,ARI,120,28,RB10,4.4,124,545,4,32,192,1,6.0,3.6/3.9,,,,,,,251,4.3,266,1149,11,49,340,2,6.9,2.9/3.5,,,,,,,,2.60
17,Drake London,WR,ATL,11,@PIT,168,15,WR7,,,,,68,919,7,13.5,5.7/9.3,,,,,,,219,,,,,95,1238,8,13.0,5.6/9.3,,,,,,,,2.70
18,A.J. Brown,WR,NE,11,@SEA,181,28,WR8,,,,,78,1003,7,12.9,5.2/8.1,,,,,,,202,,,,,78,1150,8,14.7,4.6/7.5,,,,,,,,2.80
19,George Pickens,WR,DAL,14,@NYG,245,10,WR9,,,,,93,1429,9,15.4,5.5/8.1,,,,,,,217,,,,,85,1209,9,14.3,5.0/7.6,,,,,,,,2.90
20,De'Von Achane,RB,MIA,6,@LV,289,20,RB11,5.7,238,1350,8,67,488,4,7.3,4.2/5.3,,,,,,,259,4.9,246,1203,6,68,503,3,7.4,4.0/5.1,,,,,,,,3.00
21,Brock Bowers,TE,LV,13,MIA,144,18,TE1,1.0,2,2,,64,680,7,10.6,5.3/7.2,,,,,,,204,4.0,6,24,,99,1041,8,10.5,5.8/8.3,,,,,,,,3.10
22,Chris Olave,WR,NO,8,@DET,218,6,WR10,-3.0,1,-3,,100,1163,9,11.6,6.3/9.8,,,1,,0.1,,198,,,,,84,1078,8,12.8,4.9/8.4,,,,,,,,3.20
23,Nico Collins,WR,HOU,8,BUF,191,3,WR11,7.5,2,15,1,71,1117,6,15.7,4.7/8.0,,,,,,,212,6.5,2,11,,84,1206,8,14.4,4.9/7.9,,,,,,,,3.30
24,Malik Nabers,WR,NYG,8,DAL,48,9,WR12,,,,,18,271,2,15.1,4.5/8.8,,,,,,,188,,,,,79,1060,7,13.4,4.9/8.6,,,,,,,,3.40
25,Javonte Williams,RB,DAL,14,@NYG,225,5,RB12,4.8,252,1201,11,35,137,2,3.9,2.2/3.2,,,,,,,233,4.4,283,1231,10,35,203,2,5.9,2.0/2.8,,,,,,,,3.50
26,Ashton Jeanty,RB,LV,13,MIA,218,32,RB13,3.7,266,975,5,55,346,5,6.3,3.2/4.3,,,,,,,226,4.1,237,979,7,59,442,2,7.5,3.9/5.1,,,,,,,,3.60
27,Rashee Rice,WR,KC,5,DEN,124,30,WR13,4.0,5,20,1,53,571,5,10.8,6.6/9.8,,,,,,,208,4.7,7,32,,98,1133,7,11.6,5.8/8.4,,,,,,,,3.70
28,Devonta Smith,WR,PHI,10,WAS,163,1,WR14,,,,,77,1008,4,13.1,4.5/6.6,,,,,,,201,,,,,86,1099,8,12.8,5.1/7.6,,,,,,,,3.80
29,Trey McBride,TE,ARI,14,@LAC,253,19,TE2,,,,,126,1239,11,9.8,7.4/9.9,,,,,,,196,,,,,109,1053,6,9.7,6.4/8.9,,,,,,,,3.90
30,Kyren Williams,RB,LAR,11,SF,245,8,RB14,4.8,259,1252,10,36,281,3,7.8,2.1/2.9,,,,,,,226,4.6,248,1133,11,29,201,2,6.9,1.7/2.4,,,,,,,,4.00
31,Zay Flowers,WR,BAL,13,@IND,200,19,WR15,6.2,10,62,1,86,1211,5,14.1,5.1/6.9,,,,,,,210,6.1,10,62,1,85,1197,6,14.1,5.0/7.4,,,,,,,,4.10
32,Josh Allen,QB,BUF,7,@HOU,365,20,QB1,5.2,112,579,14,,,,,,3668,25,10,69%,27.1,11.5,388,5.1,114,586,13,,,,,,4078,27,10,67%,30.4,11.6,,4.20
33,Ladd McConkey,WR,LAC,7,ARI,148,31,WR16,,,,,66,789,6,12.0,4.1/6.6,,,,,,,191,,,,,83,1073,7,12.9,4.9/7.5,,,,,,,,4.30
34,Jeremiyah Love,RB,ARI,14,@LAC,,25,RB15,,,,,,,,,,,,,,,,220,4.4,219,964,7,55,419,2,7.6,3.2/4.2,,,,,,,,4.40
35,Breece Hall,RB,NYJ,13,@TEN,190,23,RB16,4.4,243,1065,4,36,350,1,9.7,2.3/3.0,4,1,,100%,0.1,4.0,230,4.4,255,1114,6,52,447,2,8.6,3.1/3.9,,,,,,,,4.50
36,Tee Higgins,WR,CIN,6,TB,182,8,WR17,,,,,59,846,11,14.3,3.9/6.5,,,,,,,195,,,,,79,1017,9,12.9,4.6/7.6,,,,,,,,4.60
37,Garrett Wilson,WR,NYJ,13,@TEN,82,23,WR18,,,,,36,395,4,11.0,5.1/8.4,,,,,,,191,5.2,2,9,,95,1064,6,11.2,5.6/8.7,,,,,,,,4.70
38,Travis Etienne Jr.,RB,NO,8,@DET,236,3,RB17,4.3,260,1107,7,36,292,6,8.1,2.1/3.1,,,,,,,227,4.3,258,1102,8,45,339,2,7.5,2.6/3.5,,,,,,,,4.80
39,Jaylen Waddle,WR,DEN,10,@KC,162,29,WR19,14.0,2,28,,64,910,6,14.2,4.0/6.3,8,,,100%,0.1,8.0,187,5.4,3,18,,79,1038,7,13.1,4.6/7.6,,,,,,,,4.90
40,Emeka Egbuka,WR,TB,10,@CIN,164,11,WR20,4.5,2,9,,63,938,6,14.9,3.7/7.5,,,,,,,188,5.7,2,10,,68,1047,8,15.3,4.0/7.2,,,,,,,,5.00
41,Davante Adams,WR,LAR,11,SF,193,25,WR21,,,,,60,789,14,13.2,4.3/8.1,,,,,,,188,,,,,67,884,11,13.2,3.9/7.1,,,,,,,,5.10
42,Terry Mclaurin,WR,WAS,7,@PHI,95,16,WR22,,,,,38,582,3,15.3,3.8/6.0,,,,,,,173,,,,,74,995,6,13.5,4.4/6.6,,,,,,,,5.20
43,Luther Burden III,WR,CHI,10,@CAR,104,27,WR23,6.2,6,37,,47,652,2,13.9,3.1/4.0,,,,,,,187,5.5,7,37,,79,1021,7,12.9,4.6/7.5,,,,,,,,5.30
44,Colston Loveland,TE,CHI,10,@CAR,136,30,TE3,-2.0,1,-2,,58,713,6,12.3,3.6/5.1,,,,,,,168,,,,,81,914,6,11.3,4.8/7.3,,,,,,,,5.40
45,D'Andre Swift,RB,CHI,10,@CAR,212,26,RB18,4.9,223,1087,9,34,299,1,8.8,2.1/3.0,,,,,,,217,4.6,246,1124,8,36,326,1,9.1,2.1/3.1,,,,,,,,5.50
46,Cam Skattebo,RB,NYG,8,DAL,116,9,RB19,4.1,101,410,5,24,207,2,8.6,3.0/4.0,,,,,,,209,4.2,234,971,8,41,310,2,7.6,2.4/3.1,,,,,,,,5.60
47,Jameson Williams,WR,DET,6,NO,187,14,WR24,2.0,6,12,,65,1117,7,17.2,3.8/6.0,,,,,,,195,6.0,7,41,1,67,1095,7,16.3,3.9/6.4,,,,,,,,5.70
48,Mike Evans,WR,SF,8,@LAR,70,26,WR25,,,,,30,368,3,12.3,3.8/7.6,,,,,,,162,,,,,55,866,8,15.7,3.2/5.8,,,,,,,,5.80
49,Tetairoa McMillan,WR,CAR,5,CHI,176,20,WR26,,,,,70,1014,7,14.5,4.1/7.2,,,,,,,187,,,,,78,1059,7,13.6,4.6/7.6,,,,,,,,5.90
50,Bucky Irving,RB,TB,10,@CIN,124,18,RB20,3.4,173,588,1,30,277,3,9.2,3.0/3.5,,,,,,,204,4.1,241,986,8,35,283,2,8.1,2.1/2.6,,,,,,,,6.00
51,David Montgomery,RB,HOU,8,BUF,155,11,RB21,4.5,158,716,8,24,192,,8.0,1.4/1.7,3,1,,50%,0.1,3.0,189,4.3,218,933,9,29,215,1,7.4,1.7/2.2,,,,,,,,6.10
52,Lamar Jackson,QB,BAL,13,@IND,215,16,QB2,5.2,67,349,2,,,,,,2549,21,7,64%,23.2,13.3,350,5.5,128,709,5,,,,,,3922,28,10,66%,28.4,12.3,,6.20
53,DJ Moore,WR,BUF,7,@HOU,145,21,WR27,5.3,15,79,1,50,682,6,13.6,2.9/5.0,2,1,,100%,0.1,2.0,163,5.2,5,27,,66,915,6,13.9,3.9/6.2,,,,,,,,6.30
54,Parker Washington,WR,JAX,7,CLE,144,4,WR28,,7,,,58,847,5,14.6,3.6/5.9,,,,,,,165,5.6,10,57,,69,947,5,13.7,4.1/6.8,,,,,,,,6.40
55,Bhayshul Tuten,RB,JAX,7,CLE,84,16,RB22,3.7,83,307,5,10,79,2,7.9,0.7/0.9,,,,,,,193,4.2,231,961,7,34,254,2,7.5,2.0/2.9,,,,,,,,6.50
56,Christian Watson,WR,GB,11,@MIN,115,12,WR29,3.0,1,3,,35,611,6,17.5,3.5/5.5,,,,,,,165,5.9,3,20,,59,916,7,15.5,3.5/6.1,,,,,,,,6.60
57,Jadarian Price,RB,SEA,11,NE,,6,RB23,,,,,,,,,,,,,,,,196,4.2,216,907,9,31,241,2,7.8,1.8/2.5,,,,,,,,6.70
58,Rhamondre Stevenson,RB,NE,11,@SEA,163,24,RB24,4.6,130,603,7,32,345,2,10.8,2.3/2.6,,,,,,,191,4.4,191,844,8,37,282,2,7.6,2.2/2.7,,,,,,,,6.80
59,Jayden Daniels,QB,WAS,7,@PHI,114,10,QB3,4.8,58,278,2,,,,,,1262,8,3,61%,26.9,11.1,330,5.1,123,622,5,,,,,,4003,25,11,67%,30.9,11.1,,6.90
60,Quinshon Judkins,RB,CLE,11,@JAX,157,7,RB25,3.6,230,827,7,26,171,,6.6,1.9/2.6,,,,,,,216,4.0,302,1214,8,35,237,1,6.8,2.0/2.8,,,,,,,,7.00
61,Joe Burrow,QB,CIN,6,TB,135,12,QB4,2.9,14,41,,,,,,,1809,17,5,67%,32.4,10.5,322,3.6,45,161,1,,,,,,4349,37,11,68%,35.5,10.6,,7.10
62,Tyler Warren,TE,IND,13,BAL,151,13,TE4,1.3,6,8,1,76,817,4,10.8,4.5/6.6,,,,,0.1,,171,2.3,9,20,1,87,898,5,10.3,5.1/7.0,,,,,,,,7.20
63,Rome Odunze,WR,CHI,10,@CAR,124,27,WR30,,,,,44,661,6,15.0,3.7/7.5,,,,,,,182,,,,,67,1063,7,15.9,3.9/8.0,,,,,,,,7.30
64,TreVeyon Henderson,RB,NE,11,@SEA,189,24,RB26,5.1,180,911,9,35,221,1,6.3,2.1/2.5,,,,,,,171,4.5,173,772,6,38,269,2,7.1,2.2/2.8,,,,,,,,7.40
65,Drake Maye,QB,NE,11,@SEA,352,22,QB5,4.4,103,450,4,1,2,,2.0,0.1/0.1,4394,31,8,72%,28.9,12.4,328,5.0,102,511,4,,,,,,4212,27,12,68%,31.1,11.7,,7.50
66,Tony Pollard,RB,TEN,9,NYJ,169,14,RB27,4.5,242,1082,5,33,206,,6.2,1.9/2.4,,,,,,,163,4.4,201,882,6,30,183,1,6.2,1.7/2.3,,,,,,,,7.60
67,Marvin Harrison Jr.,WR,ARI,14,@LAC,107,18,WR31,,,,,41,608,4,14.8,3.4/6.1,,,,,,,172,,,,,71,1003,6,14.1,4.2/7.5,,,,,,,,7.70
68,Jalen Hurts,QB,PHI,10,WAS,299,1,QB6,4.0,105,421,8,,,,,,3224,25,6,65%,28.4,11.0,340,4.1,130,527,9,,,,,,3694,26,9,65%,28.9,11.3,,7.80
69,Jaylen Warren,RB,PIT,9,ATL,197,21,RB28,4.5,211,958,6,40,333,2,8.3,2.5/2.8,,,,,,,170,4.4,189,821,4,41,315,2,7.7,2.4/3.1,,,,,,,,7.90
70,MarShawn Lloyd,RB,GB,11,@MIN,,17,RB29,2.5,6,,,1,,,3.0,1.0/1.0,,,,,,,129,4.1,158,641,6,19,137,1,7.2,1.1/1.5,,,,,,,,8.00
71,Carnell Tate,WR,TEN,9,NYJ,,7,WR32,,,,,,,,,,,,,,,,146,,,,,61,849,5,13.9,3.6/6.1,,,,,,,,8.10
72,Brian Thomas Jr.,WR,JAX,7,CLE,115,4,WR33,7.0,3,21,1,48,707,2,14.7,3.4/6.5,,,,,,,148,6.3,3,21,,58,864,5,14.9,3.4/6.2,,,,,,,,8.20
73,DK Metcalf,WR,PIT,9,ATL,158,24,WR34,6.0,2,12,1,59,850,6,14.4,3.9/6.6,,,,,,,157,,,,,63,896,6,14.2,3.7/6.4,,,,,,,,8.30
74,Caleb Williams,QB,CHI,10,@CAR,317,30,QB7,5.0,77,383,3,2,22,1,11.0,0.1/0.1,3942,27,7,58%,33.4,11.9,316,5.5,74,401,3,,,,,,4197,27,9,61%,33.8,12.0,,8.40
75,Dak Prescott,QB,DAL,14,@NYG,314,5,QB8,3.3,53,177,2,,,,,,4552,30,10,67%,35.3,11.3,323,3.9,52,202,2,,,,,,4470,33,10,67%,34.4,11.3,,8.50
76,Tucker Kraft,TE,GB,11,@MIN,101,29,TE5,3.0,1,3,,32,489,6,15.3,4.0/5.5,,,,,,,152,,,,,65,779,7,12.0,3.8/5.4,,,,,,,,8.60
77,Justin Herbert,QB,LAC,7,ARI,287,23,QB9,6.0,83,498,2,,,,,,3727,26,13,66%,32.0,11.0,321,4.8,81,386,3,,,,,,4111,30,10,66%,32.8,11.1,,8.70
78,Rico Dowdle,RB,PIT,9,ATL,197,21,RB30,4.6,236,1076,6,39,297,1,7.6,2.3/2.9,,,,,,,179,4.3,228,992,6,31,228,1,7.3,1.8/2.5,,,,,,,,8.80
79,Jayden Reed,WR,GB,11,@MIN,39,12,WR35,9.3,3,28,,19,207,1,10.9,2.7/3.1,,,,,,,155,7.6,10,78,,70,819,5,11.7,4.1/6.0,,,,,,,,8.90
80,Jordan Addison,WR,MIN,6,GB,114,2,WR36,40.5,2,81,1,42,610,3,14.5,3.0/5.6,,,,,,,160,6.2,2,11,,66,901,6,13.7,3.9/6.5,,,,,,,,9.00
81,Blake Corum,RB,LAR,11,SF,118,8,RB31,5.1,145,746,6,8,36,,4.5,0.5/0.8,,,,,,,153,4.6,171,782,8,17,119,1,7.0,1.0/1.5,,,,,,,,9.10
82,Sam Laporta,TE,DET,6,NO,87,26,TE6,,,,,40,489,3,12.2,4.4/5.4,,,,,,,160,,,,,74,810,7,10.9,4.4/6.0,,,,,,,,9.20
83,Quentin Johnston,WR,LAC,7,ARI,146,31,WR37,3.5,2,7,,51,735,8,14.4,3.6/6.1,,,,,,,153,4.5,2,8,,59,863,6,14.5,3.5/5.8,,,,,,,,9.30
84,Chris Godwin Jr.,WR,TB,10,@CIN,67,11,WR38,,,,,33,360,2,10.9,3.7/5.7,,,,,,,160,,,,,75,868,6,11.5,4.4/6.7,,,,,,,,9.40
85,Josh Downs,WR,IND,13,BAL,107,17,WR39,-1.0,2,-2,,58,566,4,9.8,3.6/5.5,,,,,,,161,6.0,2,10,,80,839,6,10.5,4.7/6.9,,,,,,,,9.50
86,Courtland Sutton,WR,DEN,10,@KC,183,29,WR40,,,,,74,1017,7,13.7,4.4/7.3,,,,,,,162,,,,,65,872,7,13.4,3.8/6.9,,,,,,,,9.60
87,Trevor Lawrence,QB,JAX,7,CLE,338,3,QB10,4.4,82,359,9,,,,,,4007,29,12,61%,32.9,11.8,324,4.5,78,353,6,,,,,,4166,27,11,62%,33.8,11.5,,9.70
88,Michael Wilson,WR,ARI,14,@LAC,182,18,WR41,,,,,78,1006,7,12.9,4.6/7.4,,,,,,,142,,,,,65,797,5,12.3,3.8/6.4,,,,,,,,9.80
89,J.K. Dobbins,RB,DEN,10,@KC,110,29,RB32,5.0,153,772,4,11,37,,3.4,1.1/1.4,,,,,,,183,4.6,223,1022,9,19,116,1,6.0,1.1/1.5,,,,,,,,9.90
90,Jonathon Brooks,RB,CAR,5,CHI,,31,RB33,2.4,9,,,3,,,7.7,1.0/1.0,,,,,,,133,4.2,147,612,4,33,250,1,7.6,1.9/2.6,,,,,,,,10.00
91,Harold Fannin Jr.,TE,CLE,11,@JAX,150,2,TE7,1.9,7,13,1,72,731,6,10.2,4.5/6.7,,,,,,,155,2.8,7,19,,87,855,4,9.8,5.1/7.5,,,,,,,,10.10
92,Brock Purdy,QB,SF,8,@LAR,177,24,QB11,4.5,33,147,3,,,,,,2167,20,10,69%,31.6,11.0,323,4.4,66,289,3,,,,,,4390,31,12,67%,32.5,11.8,,10.20
93,RJ Harvey,RB,DEN,10,@KC,183,29,RB34,3.7,146,540,7,47,356,5,7.6,2.8/3.4,,,,,0.1,,147,4.1,115,473,4,46,342,3,7.4,2.7/3.5,,,,,,,,10.30
94,Patrick Mahomes II,QB,KC,5,DEN,285,27,QB12,6.6,64,422,5,1,-10,,-10.0,0.1/0.1,3587,22,11,63%,35.9,11.4,290,5.1,51,260,3,,,,,,4088,26,11,65%,32.8,11.1,,10.40
95,Matthew Stafford,QB,LAR,11,SF,350,17,QB13,,29,1,,,,,,,4707,46,8,65%,35.1,12.1,313,1.3,28,35,,,,,,,4379,38,9,65%,33.6,11.8,,10.50
96,Michael Pittman Jr.,WR,PIT,9,ATL,162,24,WR42,,,,,80,784,7,9.8,4.7/6.5,,,,,,,149,,,,,78,795,5,10.2,4.6/7.2,,,,,,,,10.60
97,Stefon Diggs,WR,WAS,7,@PHI,168,16,WR43,,,,,85,1013,4,11.9,5.0/6.0,,,,,,,149,,,,,72,828,5,11.5,4.2/6.0,,,,,,,,10.70
98,Chuba Hubbard,RB,CAR,5,CHI,110,31,RB35,3.8,134,511,1,30,223,3,7.4,2.0/2.6,,,,,,,183,4.1,228,931,6,39,281,1,7.2,2.3/3.0,,,,,,,,10.80
99,Alec Pierce,WR,IND,13,BAL,160,17,WR44,,,,,47,1003,6,21.3,3.1/5.6,,,,,,,144,,,,,55,865,5,15.9,3.2/5.5,,,,,,,,10.90
100,Xavier Worthy,WR,KC,5,DEN,89,30,WR45,7.9,11,87,,42,532,1,12.7,3.0/5.2,,,,,,,162,6.8,17,116,1,61,835,5,13.7,3.6/6.1,,,,,,,,11.00
101,Jaxson Dart,QB,NYG,8,DAL,242,9,QB14,5.7,86,487,9,,,,,,2272,15,5,64%,24.2,10.5,314,5.6,105,584,6,,,,,,3749,23,11,65%,30.4,11.2,,11.10
102,Makai Lemon,WR,PHI,10,WAS,,1,WR46,,,,,,,,,,,,,,,,107,4.2,5,21,,47,572,4,12.2,2.8/4.6,,,,,,,,11.20
103,Kyle Monangai,RB,CHI,10,@CAR,138,26,RB36,4.6,169,783,5,18,164,,9.1,1.1/1.8,,,,,,,152,4.4,184,804,6,22,185,1,8.4,1.3/1.9,,,,,,,,11.30
104,Kyle Pitts Sr.,TE,ATL,11,@PIT,167,5,TE8,,,,,88,928,5,10.5,5.2/6.9,,,,,,,142,,,,,73,754,5,10.3,4.3/6.5,,,,,,,,11.40
105,Matthew Golden,WR,GB,11,@MIN,56,12,WR47,4.9,10,49,,29,361,,12.4,2.1/3.1,,,,,,,143,6.6,7,45,,64,821,4,12.8,3.8/5.9,,,,,,,,11.50
106,Bo Nix,QB,DEN,10,@KC,305,29,QB15,4.3,83,356,5,,,,,—/0.1,3931,25,11,63%,36.0,10.1,310,4.4,81,354,4,,,,,,4010,28,11,64%,33.6,10.8,,11.60
107,Jared Goff,QB,DET,6,NO,297,18,QB16,2.4,19,45,,,,,,,4564,34,8,68%,34.0,11.6,308,1.7,25,43,1,,,,,,4595,34,11,68%,34.5,11.5,,11.70
108,Kenneth Gainwell,RB,TB,10,,185,18,RB37,4.7,114,537,5,73,486,3,6.7,4.3/5.0,,,,,,,158,4.5,116,522,4,53,367,3,6.9,3.1/4.0,,,,,,,,11.80
109,George Kittle,TE,SF,8,@LAR,133,27,TE9,-3.0,1,-3,,57,628,7,11.0,5.2/6.3,,,,,,,137,,,,,67,732,5,10.9,4.2/5.6,,,,,,,,11.90
110,Baker Mayfield,QB,TB,10,@CIN,272,28,QB17,6.9,55,382,1,,,,,,3693,26,11,63%,31.9,10.8,300,5.9,56,328,2,,,,,,4130,28,11,65%,33.4,11.2,,12.00
111,Jordan Love,QB,GB,11,@MIN,235,19,QB18,4.2,47,199,,,,,,,3381,23,6,66%,29.3,11.6,290,4.1,49,199,1,,,,,,4294,28,10,65%,32.6,11.8,,12.10
112,Jordan Mason,RB,MIN,6,GB,122,10,RB38,4.8,159,758,6,14,51,,3.6,0.9/1.0,,,,,,,135,4.5,180,806,6,16,100,,6.2,0.9/1.3,,,,,,,,12.20
113,Jacory Croskey-Merritt,RB,WAS,7,@PHI,136,2,RB39,4.6,175,805,8,9,68,,7.6,0.5/0.8,,,,,,,133,4.3,182,788,6,15,106,,7.1,0.9/1.1,,,,,,,,12.30
114,Romeo Doubs,WR,NE,11,@SEA,138,28,WR48,,,,,55,724,6,13.2,3.4/5.3,,,,,,,141,,,,,62,797,5,12.9,3.6/5.4,,,,,,,,12.40
115,De'Zhaun Stribling,WR,SF,8,@LAR,,26,WR49,,,,,,,,,,,,,,,,83,,,,,34,477,3,14.0,2.0/3.3,,,,,,,,12.50
116,Jakobi Meyers,WR,JAX,7,CLE,138,4,WR50,2.6,5,13,,75,835,3,11.1,4.7/6.9,,,,,,,142,5.7,5,29,,67,752,5,11.2,3.9/6.2,,,,,,,,12.60
117,Kyler Murray,QB,MIN,6,GB,78,7,QB19,6.0,29,173,1,,,,,,962,6,3,68%,32.2,8.7,278,6.1,78,474,3,,,,,,3614,22,10,68%,29.6,10.6,,12.70
118,KC Concepcion,WR,CLE,11,@JAX,,5,WR51,,,,,,,,,,,,,,,,146,5.5,5,28,,68,848,4,12.5,4.0/6.6,,,,,,,,12.80
119,Wan'dale Robinson,WR,TEN,9,NYJ,172,7,WR52,1.7,3,5,,92,1014,4,11.0,5.8/8.8,,,,,,,125,5.4,7,37,,68,692,3,10.2,4.0/6.1,,,,,,,,12.90
120,Travis Kelce,TE,KC,5,DEN,155,14,TE10,1.0,1,1,,76,851,5,11.2,4.5/6.4,,,,,,,153,,,,,76,788,6,10.4,4.5/6.4,,,,,,,,13.00
121,Khalil Shakir,WR,BUF,7,@HOU,130,21,WR53,5.0,1,5,,72,719,4,10.0,4.5/5.9,,,,,,,137,6.0,2,10,,71,765,4,10.8,4.2/5.6,,,,,,,,13.10
122,Jalen Coker,WR,CAR,5,CHI,74,20,WR54,,,,,33,394,3,11.9,3.0/3.9,,,,,,,176,,,,,83,980,6,11.8,4.9/7.4,,,,,,,,13.20
123,Dalton Kincaid,TE,BUF,7,@HOU,107,24,TE11,,,,,39,571,5,14.6,3.3/4.1,,,,,,,142,,,,,66,791,5,12.0,3.9/5.4,,,,,,,,13.30
124,Josh Jacobs,RB,GB,11,@MIN,219,17,RB40,4.0,234,929,13,36,282,1,7.8,2.4/2.9,,,,,,,129,4.1,146,594,6,21,166,1,7.9,2.3/3.1,,,,,,,,13.40
125,Rachaad White,RB,WAS,7,@PHI,123,2,RB41,4.3,132,572,4,40,218,,5.4,2.4/2.6,,,,,,,151,4.2,144,608,4,47,308,2,6.6,2.8/3.3,,,,,,,,13.50
126,Chris Rodriguez Jr.,RB,JAX,7,CLE,91,16,RB42,4.5,112,500,6,3,30,,10.0,0.2/0.3,,,,,,,95,4.4,109,481,6,4,31,1,7.2,0.3/0.4,,,,,,,,13.60
127,Malik Willis,QB,MIA,6,@LV,51,26,QB20,5.6,22,123,2,,,,,,422,3,,86%,8.8,14.1,284,5.3,115,614,4,,,,,,3712,18,11,65%,30.8,10.8,,13.70
128,Mark Andrews,TE,BAL,13,@IND,107,3,TE12,4.8,10,48,1,48,422,5,8.8,2.8/4.1,,,,,,,166,3.4,9,28,1,66,703,9,10.7,3.9/5.4,,,,,,,,13.80
129,Dallas Goedert,TE,PHI,10,WAS,155,1,TE13,,,,,60,591,11,9.8,4.0/5.5,,,,,,,148,,,,,69,712,7,10.3,4.1/5.5,,,,,,,,13.90
130,Deebo Samuel Sr.,WR,SF,8,@LAR,152,26,WR55,4.4,17,75,1,72,727,5,10.1,4.5/6.2,,,,,,,145,4.4,24,106,1,57,694,5,12.2,3.4/5.0,,,,,,,,14.00
131,Isaiah Likely,TE,NYG,8,DAL,48,6,TE14,,,,,27,307,1,11.4,1.9/2.6,,,,,,,145,,,,,71,794,5,11.2,4.2/5.6,,,,,,,,14.10
132,Tyler Shough,QB,NO,8,@DET,158,11,QB21,4.1,45,186,3,,,,,,2384,10,6,68%,29.7,10.8,297,4.3,72,312,4,,,,,,4033,25,10,67%,33.4,10.7,,14.20
133,Jake Ferguson,TE,DAL,14,@NYG,147,10,TE15,1.0,1,1,,82,600,8,7.3,4.8/6.0,,,,,,,122,,,,,69,575,5,8.3,4.1/5.5,,,,,,,,14.30
134,Keaton Mitchell,RB,LAC,7,ARI,51,28,RB43,5.8,59,341,1,9,63,,7.0,0.7/0.9,,,,,,,99,4.7,71,331,3,27,224,2,8.3,1.6/2.2,,,,,,,,14.40
135,Rashid Shaheed,WR,SEA,11,NE,115,13,WR56,7.7,9,69,,59,687,2,11.6,3.3/5.1,,,,,,,127,6.6,12,79,1,53,623,4,11.8,3.1/5.2,,,,,,,,14.50
136,Jordyn Tyson,WR,NO,8,@DET,,6,WR57,,,,,,,,,,,,,,,,105,,,,,49,568,4,11.6,4.9/7.1,,,,,,,,14.60
137,Aaron Jones Sr.,RB,MIN,6,GB,105,10,RB44,4.2,132,548,2,28,199,1,7.1,2.3/3.4,,,,,,,165,4.3,151,648,5,47,347,2,7.4,2.8/3.8,,,,,,,,14.70
138,Denzel Boston,WR,CLE,11,@JAX,,5,WR58,,,,,,,,,,,,,,,,117,,,,,58,704,3,12.1,3.4/5.8,,,,,,,,14.80
139,Sam Darnold,QB,SEA,11,NE,235,13,QB22,2.7,35,95,,,,,,,4048,25,14,68%,28.1,12.5,273,3.0,41,125,1,,,,,,4212,27,11,67%,31.6,11.8,,14.90
140,Daniel Jones,QB,IND,13,BAL,226,8,QB23,3.6,45,164,5,,,,,,3101,19,8,68%,29.5,11.9,289,4.1,64,263,4,,,,,,4013,25,11,68%,32.2,10.9,,15.00
141,Keenan Allen,WR,IND,13,BAL,142,17,WR59,,,,,81,777,4,9.6,4.8/7.2,,,,,,,110,,,,,52,542,5,10.4,3.5/5.3,,,,,,,,15.10
142,C.J. Stroud,QB,HOU,8,BUF,209,6,QB24,4.4,48,209,1,,,,,,3041,19,8,65%,30.2,11.1,270,4.4,56,247,1,,,,,,4020,25,11,64%,32.6,11.2,,15.20
143,Hunter Henry,TE,NE,11,@SEA,149,21,TE16,,,,,60,768,7,12.8,3.5/5.1,,,,,,,123,,,,,58,639,5,11.0,3.4/4.9,,,,,,,,15.30
144,Juwan Johnson,TE,NO,8,@DET,141,16,TE17,,,,,77,889,3,11.5,4.5/6.0,,,,,,,135,,,,,70,763,4,10.9,4.1/5.8,,,,,,,,15.40
145,Woody Marks,RB,HOU,8,BUF,139,11,RB45,3.6,196,703,3,24,208,3,8.7,1.5/2.3,,,,,,,114,4.1,145,587,3,23,196,1,8.5,1.4/2.0,,,,,,,,15.50
146,Brenton Strange,TE,JAX,7,CLE,95,7,TE18,,,,,46,540,3,11.7,3.8/5.0,,,,,,,113,,,,,57,603,4,10.6,3.4/4.9,,,,,,,,15.60
147,Jalen Nailor,WR,LV,13,MIA,86,32,WR60,6.5,2,13,,29,444,4,15.3,1.7/3.1,,,,,,,112,5.7,2,10,,46,640,4,13.9,2.7/4.8,,,,,,,,15.70
148,Tank Bigsby,RB,PHI,10,WAS,52,4,RB46,5.7,63,356,2,3,32,,10.7,0.2/0.2,,,,,,,83,4.6,93,423,4,13,99,,7.6,0.8/1.1,,,,,,,,15.80
149,Jalen McMillan,WR,TB,10,@CIN,24,11,WR61,1.0,1,1,,12,178,,14.8,3.0/3.8,,,,,,,110,5.8,5,30,,47,601,4,12.9,2.7/4.4,,,,,,,,15.90
150,Jauan Jennings,WR,MIN,6,GB,146,2,WR62,,,,,55,643,9,11.7,3.7/6.0,,,,,,,109,,,,,53,586,4,11.1,3.1/4.8,,,,,,,,16.00
151,Chig Okonkwo,TE,WAS,7,@PHI,96,25,TE19,,,,,56,560,2,10.0,3.3/4.6,,,,,,,101,,,,,50,513,4,10.2,3.0/4.1,,,,,,,,16.10
152,Tre Tucker,WR,LV,13,MIA,133,32,WR63,4.6,11,51,,57,696,5,12.2,3.4/5.4,,,,,,,112,5.6,12,67,,50,624,3,12.5,2.9/5.1,,,,,,,,16.20
153,Dalton Schultz,TE,HOU,8,BUF,137,11,TE20,,,,,82,777,3,9.5,4.8/6.2,,,,,,,115,,,,,62,601,4,9.7,3.6/5.1,,,,,,,,16.30
154,Tyjae Spears,RB,TEN,9,NYJ,89,14,RB47,3.9,72,283,2,45,264,,5.9,3.5/3.8,,,,,,,144,4.1,141,582,3,47,318,2,6.8,2.8/3.4,,,,,,,,16.40
155,Mike Washington Jr.,RB,LV,13,MIA,,32,RB48,,,,,,,,,,,,,,,,82,4.1,108,440,3,16,117,,7.3,0.9/1.3,,,,,,,,16.50
156,Ryan Flournoy,WR,DAL,14,@NYG,94,10,WR64,6.2,4,25,,40,475,4,11.9,2.5/3.5,,,,,,,112,5.5,3,19,,48,564,5,11.7,2.8/4.2,,,,,,,,16.60
157,Kayshon Boutte,WR,HOU,8,BUF,108,3,WR65,,,,,33,551,6,16.7,2.4/3.3,,,,,,,116,,,,,53,651,4,12.3,3.1/4.8,,,,,,,,16.70
158,Cam Ward,QB,TEN,9,NYJ,187,4,QB25,4.1,39,159,2,,,,,,3169,15,7,60%,31.8,9.8,253,4.2,44,187,2,,,,,,3800,23,11,63%,33.5,10.5,,16.80
159,Tyler Allgeier,RB,ARI,14,@LAC,116,25,RB49,3.6,143,514,8,14,96,,6.9,0.8/0.9,,,,,,,87,3.9,112,440,4,16,108,,6.8,0.9/1.3,,,,,,,,16.90
160,Pat Bryant,WR,DEN,10,@KC,59,29,WR66,,,,,31,378,1,12.2,2.1/3.3,,,,,,,68,,,,,33,396,2,12.0,1.9/3.4,,,,,,,,17.00
161,T.J. Hockenson,TE,MIN,6,GB,87,9,TE21,,1,,,51,438,3,8.6,3.4/4.4,,,,,,,128,,,,,77,650,4,8.4,4.5/6.2,,,,,,,,17.10
162,Terrance Ferguson,TE,LAR,11,SF,47,15,TE22,,1,,,11,231,3,21.0,0.8/1.8,,,,,,,126,,,,,46,665,6,14.5,2.7/4.6,,,,,,,,17.20
163,Bryce Young,QB,CAR,5,CHI,218,21,QB26,4.0,54,216,2,,,,,,3011,23,11,64%,29.9,9.9,264,4.8,59,282,2,,,,,,3798,24,12,64%,32.3,10.6,,17.30
164,Tre Harris,WR,LAC,7,ARI,,31,WR67,,,,,,,,,,,,,,,,99,,,,,47,514,4,11.0,2.8/4.1,,,,,,,,17.40
165,Jonah Coleman,RB,DEN,10,@KC,,29,RB50,,,,,,,,,,,,,,,,45,4.3,44,191,1,16,120,,7.7,0.9/1.3,,,,,,,,17.50
166,Adonai Mitchell,WR,NYJ,13,@TEN,73,23,WR68,-4.0,1,-4,,33,453,2,13.7,2.1/4.6,,,,,,,91,4.8,3,16,,39,519,3,13.3,2.3/4.1,,,,,,,,17.60
167,Devaughn Vele,WR,NO,8,@DET,54,6,WR69,,,,,25,293,2,11.7,1.9/3.0,,,,,,,81,,,,,41,421,3,10.3,2.4/3.6,,,,,,,,17.70
168,Ray Davis,RB,BUF,7,@HOU,53,30,RB51,4.7,58,275,,10,86,2,8.6,0.6/0.8,,,,,,,59,4.2,63,266,2,11,90,1,8.2,0.6/0.8,,,,,,,,17.80
169,Malik Davis,RB,DAL,14,@NYG,40,5,RB52,4.8,52,250,2,2,16,,8.0,0.2/0.5,,,,,,,58,4.4,82,359,1,12,94,,7.6,0.7/1.1,,,,,,,,17.90
170,Pat Freiermuth,TE,PIT,9,ATL,93,12,TE23,,,,,41,486,4,11.9,2.4/3.2,,,,,,,126,,,,,62,654,5,10.5,3.6/5.1,,,,,,,,18.00
171,Calvin Ridley,WR,TEN,9,NYJ,39,7,WR70,,,,,17,303,,17.8,2.4/5.1,,,,,,,121,5.5,5,28,,46,707,4,15.3,2.7/5.2,,,,,,,,18.10
172,Tyrone Tracy Jr.,RB,NYG,8,DAL,143,9,RB53,4.2,176,740,2,36,288,2,8.0,2.4/3.2,,,,,,,70,4.2,62,262,2,20,153,1,7.7,1.2/1.5,,,,,,,,18.20
173,Brian Robinson Jr.,RB,ATL,11,@PIT,59,12,RB54,4.3,92,400,2,8,25,,3.1,0.5/0.7,,,,,,,99,4.2,131,550,4,11,81,1,7.4,0.6/0.8,,,,,,,,18.30
174,Omar Cooper Jr.,WR,NYJ,13,@TEN,,23,WR71,,,,,,,,,,,,,,,,106,5.8,2,10,,48,628,3,13.1,2.8/4.4,,,,,,,,18.40
175,Dylan Sampson,RB,CLE,11,@JAX,71,7,RB55,2.7,65,175,,33,271,2,8.2,2.2/2.7,,,,,,,85,4.1,65,264,1,38,272,1,7.2,2.2/2.9,,,,,,,,18.50
176,Oronde Gadsden II,TE,LAC,7,ARI,107,22,TE24,,,,,49,664,3,13.6,3.3/4.6,,,,,,,53,,,,,22,246,3,11.4,1.3/1.8,,,,,,,,18.60
177,Kenyon Sadiq,TE,NYJ,13,@TEN,,31,TE25,,,,,,,,,,,,,,,,116,,,,,61,616,4,10.1,3.6/4.8,,,,,,,,18.70
178,Aaron Rodgers,QB,PIT,9,ATL,227,25,QB27,2.9,21,61,1,1,-9,,-9.0,0.1/0.1,3322,24,7,66%,31.1,10.2,248,3.1,24,74,1,,,,,,3962,24,10,65%,33.9,10.5,,18.80
179,Rashod Bateman,WR,BAL,13,@IND,46,19,WR72,,,,,19,224,2,11.8,1.5/2.9,,,,,,,107,,,,,41,622,4,15.2,2.4/4.4,,,,,,,,18.90
180,Isaac TeSlaa,WR,DET,6,NO,68,14,WR73,,,,,16,239,6,14.9,0.9/1.6,,,,,,,100,,,,,38,510,5,13.4,2.2/3.7,,,,,,,,19.00
181,Ja'Kobi Lane,WR,BAL,13,@IND,,19,WR74,,,,,,,,,,,,,,,,60,,,,,25,356,2,14.2,1.5/2.7,,,,,,,,19.10
182,Najee Harris,RB,NYG,8,DAL,10,9,RB56,4.1,15,61,,3,25,,8.3,1.0/1.0,,,,,,,55,4.0,68,272,2,12,92,,7.5,0.7/0.9,,,,,,,,19.20
183,Dontayvion Wicks,WR,PHI,10,WAS,61,1,WR75,6.0,1,6,,30,332,2,11.1,2.1/3.3,,,,,,,79,,,,,41,463,2,11.3,2.4/3.1,,,,,,,,19.30
184,Cade Otton,TE,TB,10,@CIN,93,32,TE26,,,,,59,572,1,9.7,3.7/5.1,,,,,,,82,,,,,47,463,2,9.9,2.8/3.9,,,,,,,,19.40
185,Zach Charbonnet,RB,SEA,11,NE,171,6,RB57,4.0,184,730,12,20,144,,7.2,1.3/1.5,,,,,,,130,4.1,146,597,7,18,137,1,7.6,1.5/2.0,,,,,,,,19.50
186,Alvin Kamara,RB,NO,8,@DET,84,3,RB58,3.6,131,471,1,33,186,,5.6,3.0/3.5,,,,,,,95,3.9,101,398,2,31,215,1,6.9,1.8/2.4,,,,,,,,19.60
187,Travis Hunter,WR,JAX,7,CLE,50,4,WR76,,1,,,28,298,1,10.6,4.0/6.4,,,,,,,74,5.9,3,20,,36,416,2,11.6,2.1/3.4,,,,,,,,19.70
188,Jerry Jeudy,WR,CLE,11,@JAX,96,5,WR77,5.0,1,5,,50,602,2,12.0,2.9/6.2,,,,,,,102,,,,,46,609,3,13.2,2.7/5.1,,,,,,,,19.80
189,Jaylin Noel,WR,HOU,8,BUF,55,3,WR78,2.0,6,12,,26,292,2,11.2,1.5/2.1,,,,,,,82,5.5,5,28,,38,418,3,11.0,2.2/3.5,,,,,,,,19.90
190,Zachariah Branch,WR,ATL,11,@PIT,,15,WR79,,,,,,,,,,,,,,,,81,,,,,41,489,2,11.9,2.4/3.9,,,,,,,,20.00
191,Germie Bernard,WR,PIT,9,ATL,,24,WR80,,,,,,,,,,,,,,,,85,,,,,44,448,3,10.2,2.6/4.2,,,,,,,,20.10
192,Emmett Johnson,RB,KC,5,DEN,,22,RB59,,,,,,,,,,,,,,,,68,4.2,81,343,2,17,128,,7.5,1.0/1.3,,,,,,,,20.20
193,Malachi Fields,WR,NYG,8,DAL,,9,WR81,,,,,,,,,,,,,,,,95,,,,,49,581,2,11.9,2.9/4.4,,,,,,,,20.30
194,Chris Bell,WR,MIA,6,@LV,,22,WR82,,,,,,,,,,,,,,,,89,,,,,40,567,2,14.3,2.3/3.9,,,,,,,,20.40
195,Charlie Kolar,TE,LAC,7,ARI,31,22,TE27,,,,,10,142,2,14.2,0.6/0.9,,,,,,,82,,,,,36,396,4,11.0,2.1/3.2,,,,,,,,20.50
196,Kaelon Black,RB,SF,8,@LAR,,15,RB60,,,,,,,,,,,,,,,,49,4.1,68,281,2,7,52,,7.4,0.4/0.6,,,,,,,,20.60
197,Greg Dulcich,TE,MIA,6,@LV,50,28,TE28,-7.0,1,-7,,26,335,1,12.9,2.6/3.3,,,,,,,116,,,,,58,630,4,10.9,3.4/4.6,,,,,,,,20.70
198,Cooper Kupp,WR,SEA,11,NE,93,13,WR83,,,,,47,593,2,12.6,2.9/4.4,,,1,,0.1,,76,,,,,36,404,3,11.2,2.1/3.3,,,,,,,,20.80
199,Isiah Pacheco,RB,DET,6,NO,78,1,RB61,3.9,118,462,1,19,101,1,5.3,1.5/2.0,,,,,,,83,4.2,103,436,4,13,85,,6.6,0.8/1.1,,,,,,,,20.90
200,Colby Parkinson,TE,LAR,11,SF,108,15,TE29,,,,,43,408,8,9.5,2.9/3.7,,,,,,,80,,,,,37,372,4,10.1,2.2/3.1,,,,,,,,21.00
201,Caleb Douglas,WR,MIA,6,@LV,,22,WR84,,,,,,,,,,,,,,,,103,,,,,47,612,3,13.1,2.8/4.6,,,,,,,,21.10
202,Cyrus Allen,WR,KC,5,DEN,,30,WR85,,,,,,,,,,,,,,,,45,,,,,19,230,2,12.0,1.1/2.2,,,,,,,,21.20
203,Braelon Allen,RB,NYJ,13,@TEN,14,23,RB62,4.2,18,76,1,2,17,,8.5,0.5/0.8,,,,,,,89,4.2,110,464,4,15,108,,7.0,0.9/1.2,,,,,,,,21.30
204,Jacoby Brissett,QB,ARI,14,@LAC,227,15,QB28,4.4,38,168,1,,,,,,3366,23,8,65%,34.6,10.7,189,4.4,34,149,1,,,,,,3099,16,10,64%,34.1,10.8,,21.40
205,Samaje Perine,RB,CIN,6,TB,69,27,RB63,4.5,84,382,3,17,87,,5.1,1.1/1.4,,,,,,,97,4.4,98,432,3,25,175,1,7.1,1.4/1.8,,,,,,,,21.50
206,AJ Barner,TE,SEA,11,NE,121,17,TE30,1.4,10,14,1,52,519,6,10.0,3.1/4.0,,,,,,,103,2.6,9,22,1,47,473,4,10.0,2.8/3.9,,,,,,,,21.60
207,Justice Hill,RB,BAL,13,@IND,55,19,RB64,5.2,18,93,2,21,169,1,8.0,2.1/2.7,,,,,,,89,4.6,45,210,1,36,318,2,8.8,2.1/2.9,,,,,,,,21.70
208,Malik Washington,WR,MIA,6,@LV,88,22,WR86,6.5,17,110,1,46,317,3,6.9,2.7/3.8,,,,,,,94,5.9,15,90,1,48,432,2,9.1,2.8/4.1,,,,,,,,21.80
209,Fernando Mendoza,QB,LV,13,MIA,,32,QB29,,,,,,,,,,,,,,,,134,4.2,27,113,2,,,,,,2026,12,9,63%,33.2,10.7,,21.90
210,Ted Hurst,WR,TB,10,@CIN,,11,WR87,,,,,,,,,,,,,,,,56,,,,,24,319,2,13.6,1.4/2.2,,,,,,,,22.00
211,Jahan Dotson,WR,ATL,11,@PIT,41,15,WR88,,,,,18,262,1,14.6,1.1/2.1,,,,,,,70,,,,,32,415,2,13.0,1.9/3.6,,,,,,,,22.10
212,Andrei Iosivas,WR,CIN,6,TB,73,8,WR89,4.7,3,14,,33,435,2,13.2,1.9/3.4,,,,,,,73,,,,,32,386,3,12.1,1.9/3.1,,,,,,,,22.20
213,Michael Mayer,TE,LV,13,MIA,56,18,TE31,,,,,35,328,1,9.4,2.7/3.8,,,,,,,81,,,,,43,416,3,9.7,2.5/3.6,,,,,,,,22.30
214,Tyquan Thornton,WR,KC,5,DEN,71,30,WR90,,,,,19,438,3,23.1,1.4/2.6,,,,,,,91,,,,,37,551,3,15.1,2.2/4.1,,,,,,,,22.40
215,Mike Gesicki,TE,CIN,6,TB,57,4,TE32,,,,,28,307,2,11.0,2.2/3.2,,,,,,,90,,,,,44,443,4,10.1,2.6/3.8,,,,,,,,22.50
216,Gunnar Helm,TE,TEN,9,NYJ,70,8,TE33,,,,,44,357,2,8.1,2.8/3.4,,,,,,,88,,,,,52,445,3,8.6,3.0/4.3,,,,,,,,22.60
217,Chris Brooks,RB,GB,11,@MIN,26,17,RB65,3.9,27,106,,13,91,,7.0,0.8/1.0,,,,,,,37,4.2,42,174,1,11,78,,7.1,0.6/0.9,,,,,,,,22.70
218,Kimani Vidal,RB,LAC,7,ARI,110,28,RB66,4.1,155,643,3,16,136,1,8.5,1.2/1.7,,,,,,,34,4.1,42,173,1,9,64,,7.1,0.5/0.8,,,,,,,,22.80
219,Emanuel Wilson,RB,SEA,11,NE,87,6,RB67,4.0,125,496,3,15,99,,6.6,0.9/1.0,,,,,,,22,4.2,33,138,,7,48,,6.9,0.4/0.6,,,,,,,,22.90
220,Kaytron Allen,RB,WAS,7,@PHI,,2,RB68,,,,,,,,,,,,,,,,15,4.2,27,113,,3,21,,7.0,0.2/0.2,,,,,,,,23.00
221,Demario Douglas,WR,NE,11,@SEA,80,28,WR91,3.0,7,21,,31,447,3,14.4,1.8/2.7,,,,,,,59,5.2,5,27,,26,315,2,12.0,1.5/2.2,,,,,,,,23.10
222,Nicholas Singleton,RB,TEN,9,NYJ,,14,RB69,,,,,,,,,,,,,,,,20,4.2,25,105,1,3,22,,7.3,0.2/0.2,,,,,,,,23.20
223,Kalif Raymond,WR,CHI,10,@CAR,49,27,WR92,9.5,2,19,,24,289,1,12.0,1.6/2.0,,,,,,,40,5.8,3,20,,21,214,1,10.2,1.2/1.8,,,,,,,,23.30
224,Mack Hollins,WR,NE,11,@SEA,90,28,WR93,4.0,1,4,,46,550,2,12.0,3.1/4.3,,,,,,,45,,,,,23,274,1,11.8,1.4/2.0,,,,,,,,23.40
225,Jonnu Smith,TE,GB,11,@MIN,66,29,TE34,7.8,9,70,1,38,222,2,5.8,2.2/3.2,,,,,,,59,,,,,31,314,2,10.1,1.8/2.6,,,,,,,,23.50
226,Emari Demercado,RB,DAL,14,@NYG,52,5,RB70,7.1,44,312,,13,101,1,7.8,1.0/1.5,,,,,,,34,4.2,41,172,1,8,65,,8.1,0.5/0.6,,,,,,,,23.60
227,Darren Waller,TE,CAR,5,CHI,77,23,TE35,4.0,1,4,,24,283,6,11.8,2.7/3.8,,,,,,,91,,,,,40,412,5,10.3,2.4/3.4,,,,,,,,23.70
228,Demond Claiborne,RB,MIN,6,GB,,10,RB71,,,,,,,,,,,,,,,,25,4.3,33,142,1,4,24,,6.0,0.2/0.3,,,,,,,,23.80
229,Antonio Williams,WR,WAS,7,@PHI,,16,WR94,5.2,12,,,1,,,20.0,1.0/1.0,,,,,,,50,5.0,3,15,,21,262,2,12.5,1.2/2.0,,,,,,,,23.90
230,Geno Smith,QB,NYJ,13,@TEN,174,31,QB30,2.7,41,109,,,,,,,3025,19,17,67%,29.9,10.0,230,3.8,53,203,1,,,,,,3840,19,13,67%,31.9,10.6,,24.00
231,Darnell Mooney,WR,NYG,8,DAL,66,9,WR95,,,,,32,443,1,13.8,2.1/4.8,,,,,,,53,,,,,21,300,2,14.3,1.2/2.4,,,,,,,,24.10
232,Darius Slayton,WR,NYG,8,DAL,80,9,WR96,,,,,37,538,1,14.5,2.6/4.5,,,,,,,54,,,,,22,309,2,14.0,1.3/2.4,,,,,,,,24.20
233,Darnell Washington,TE,PIT,9,ATL,58,12,TE36,,,,,31,364,1,11.7,1.9/2.7,,,,,,,64,,,,,32,363,2,11.3,1.9/2.8,,,,,,,,24.30
234,Seth McGowan,RB,IND,13,BAL,,13,RB72,,,,,,,,,,,,,,,,34,4.1,38,156,1,10,70,,7.1,0.6/0.7,,,,,,,,24.40
235,Xavier Legette,WR,CAR,5,CHI,72,20,WR97,,1,,,35,363,3,10.4,2.3/4.3,,,,,,,74,5.0,2,9,,35,375,3,10.7,2.1/4.0,,,,,,,,24.50
236,Jaylen Wright,RB,MIA,6,@LV,46,20,RB73,4.1,70,288,2,5,44,,8.8,0.5/0.9,,,,,,,52,4.1,66,273,2,10,72,,7.2,0.6/0.8,,,,,,,,24.60
237,Jack Bech,WR,LV,13,MIA,32,32,WR98,,,,,20,224,,11.2,1.3/1.8,,,,,,,65,,,,,32,371,2,11.6,1.9/3.1,,,,,,,,24.70
238,Tua Tagovailoa,QB,ATL,11,@PIT,161,14,QB31,2.2,20,43,,,,,,,2660,20,15,68%,27.4,10.2,67,2.6,5,13,,,,,,,1148,7,4,68%,31.4,10.5,,24.80
239,Kendrick Bourne,WR,ARI,14,@LAC,74,18,WR99,,,,,37,551,,14.9,2.3/3.3,,,,,,,48,,,,,23,248,2,10.8,1.4/2.2,,,,,,,,24.90
240,Sean Tucker,RB,TB,10,@CIN,87,18,RB74,3.7,86,320,7,8,34,1,4.2,0.5/0.6,,,,,,,43,4.1,53,218,3,3,17,,5.5,0.2/0.2,,,,,,,,25.00
241,Jordan James,RB,SF,8,@LAR,,15,RB75,,,,,,,,,,,,,,,,27,4.2,34,142,1,5,40,,7.9,0.3/0.4,,,,,,,,25.10
242,Bryce Lance,WR,NO,8,@DET,,6,WR100,,,,,,,,,,,,,,,,34,,,,,17,195,1,11.6,1.0/1.6,,,,,,,,25.20
243,Evan Engram,TE,DEN,10,@KC,78,20,TE37,7.0,1,7,,50,461,1,9.2,3.1/4.8,,,,,,,73,,,,,43,400,2,9.3,2.5/3.7,,,,,,,,25.30
244,Joshua Palmer,WR,BUF,7,@HOU,41,21,WR101,,,,,22,303,,13.8,1.8/3.1,,,,,,,34,,,,,16,196,1,12.3,0.9/1.6,,,,,,,,25.40
245,David Njoku,TE,LAC,7,ARI,70,22,TE38,,,,,33,293,4,8.9,2.8/4.0,,,,,,,42,,,,,19,200,2,10.4,1.1/1.6,,,,,,,,25.50
246,KaVontae Turpin,WR,DAL,14,@NYG,72,10,WR102,5.2,17,89,,26,396,2,15.2,1.7/2.5,,,,,,,49,5.9,17,100,,15,191,2,13.0,0.9/1.4,,,,,,,,25.60
247,Theo Johnson,TE,NYG,8,DAL,105,6,TE39,,,,,45,528,5,11.7,3.0/4.9,,,,,,,60,,,,,30,326,2,10.8,1.8/2.6,,,,,,,,25.70
248,Greg Dortch,WR,BUF,7,@HOU,61,21,WR103,2.1,7,15,1,29,206,3,7.1,2.4/2.8,,,,,,,46,4.5,5,23,,25,247,1,9.8,1.5/2.0,,,,,,,,25.80
249,James Conner,RB,ARI,14,@LAC,29,25,RB76,3.0,32,95,1,8,38,1,4.8,2.7/3.0,,,,,,,34,4.0,50,198,1,7,46,,6.6,0.5/0.8,,,,,,,,25.90
250,Chimere Dike,WR,TEN,9,NYJ,90,7,WR104,1.6,11,18,,48,423,4,8.8,2.8/4.4,,,,,,,54,5.2,12,62,,23,238,2,10.3,1.4/2.1,,,,,,,,26.00
251,Treylon Burks,WR,WAS,7,@PHI,24,16,WR105,,,,,10,130,1,13.0,1.3/2.8,,,,,,,52,,,,,22,292,2,13.3,1.3/2.3,,,,,,,,26.10
252,Jalen Tolbert,WR,MIA,6,@LV,37,22,WR106,,,,,18,203,1,11.3,1.4/2.6,,,,,,,74,,,,,38,431,2,11.4,2.2/3.8,,,,,,,,26.20
253,Marvin Mims Jr.,WR,DEN,10,@KC,69,29,WR107,6.5,12,78,1,37,322,1,8.7,2.5/3.4,,,,,,,51,4.9,5,25,,22,252,2,11.5,1.3/1.7,,,,,,,,26.30
254,Tank Dell,WR,HOU,8,BUF,,3,WR108,4.8,9,,,51,,,13.1,3.6/5.8,,,,,,,49,5.0,4,20,,20,249,2,12.5,2.0/3.4,,,,,,,,26.40
255,Xavier Hutchinson,WR,HOU,8,BUF,81,3,WR109,7.3,3,22,,35,428,3,12.2,2.1/3.4,,,,,,,34,5.8,2,10,,17,183,1,10.8,1.0/1.9,,,,,,,,26.50
256,George Holani,RB,SEA,11,NE,14,6,RB77,3.3,22,73,1,2,15,,7.5,0.2/0.2,,,,,,,23,4.1,37,150,,7,45,,6.8,0.4/0.5,,,,,,,,26.60
257,Odell Beckham Jr.,WR,NYG,8,DAL,,9,WR110,,,,,9,,,6.1,1.0/2.0,,,,,,,48,,,,,23,240,2,10.4,1.4/2.5,,,,,,,,26.70
258,Cole Kmet,TE,CHI,10,@CAR,64,30,TE40,,,,,30,347,2,11.6,1.9/3.0,,,,,0.1,,63,,,,,29,309,3,10.7,1.7/2.5,,,,,,,,26.80
259,Dawson Knox,TE,BUF,7,@HOU,86,24,TE41,,,,,36,417,4,11.6,2.1/2.9,,,,,,,45,,,,,21,228,2,10.8,1.2/1.9,,,,,,,,26.90
260,Eli Raridon,TE,NE,11,@SEA,,21,TE42,,,,,,,,,,,,,,,,35,,,,,18,201,1,10.9,1.1/1.6,,,,,,,,27.00
261,Troy Franklin,WR,DEN,10,@KC,145,29,WR111,2.4,5,12,,65,709,6,10.9,3.8/6.1,,,,,,,42,5.2,3,18,,16,200,2,12.4,0.9/1.5,,,,,,,,27.10
262,Noah Gray,TE,KC,5,DEN,28,14,TE43,,,,,21,178,,8.5,1.3/2.3,,,,,,,46,,,,,27,266,1,9.7,1.6/2.4,,,,,,,,27.20
263,Elijah Sarratt,WR,BAL,13,@IND,,19,WR112,,,,,,,,,,,,,,,,39,,,,,18,237,1,13.2,1.1/1.8,,,,,,,,27.30
264,Ty Johnson,RB,BUF,7,@HOU,88,30,RB78,4.0,50,200,3,24,263,2,11.0,1.4/1.9,,,,,,,64,4.2,38,159,1,20,195,2,9.8,1.2/1.6,,,,,,,,27.40
265,Brashard Smith,RB,KC,5,DEN,51,22,RB79,3.4,44,151,,25,172,1,6.9,1.5/2.1,,,,,,,8,4.1,7,28,,4,28,,7.6,0.2/0.3,,,,,,,,27.50
266,Elijah Arroyo,TE,SEA,11,NE,29,17,TE44,,,,,15,179,1,11.9,1.2/2.0,,,,,,,50,,,,,23,263,2,11.4,1.4/2.1,,,,,,,,27.60
267,Keon Coleman,WR,BUF,7,@HOU,83,21,WR113,,,,,38,404,4,10.6,2.9/4.5,,,,,,,49,,,,,20,269,2,13.4,1.2/2.1,,,,,,,,27.70
268,Brenen Thompson,WR,LAC,7,ARI,,31,WR114,,,,,,,,,,,,,,,,12,5.0,2,9,,6,76,,12.5,0.4/0.6,,,,,,,,27.80
269,Kaleb Johnson,RB,GB,11,@MIN,8,17,RB80,2.5,28,69,,1,9,,9.0,0.1/0.2,,,,,,,27,4.1,37,150,1,5,34,,6.8,0.3/0.4,,,,,,,,27.90
270,Elic Ayomanor,WR,TEN,9,NYJ,96,7,WR115,,,,,41,515,4,12.6,2.6/5.6,,,,,,,42,,,,,17,218,2,12.7,1.0/1.9,,,,,,,,28.00
271,Skyler Bell,WR,BUF,7,@HOU,,21,WR116,,,,,,,,,,,,,,,,20,,,,,8,104,1,13.3,0.5/0.8,,,,,,,,28.10
272,Erick All Jr.,TE,CIN,6,TB,,4,TE45,,,,,20,,,7.9,2.2/2.4,,,,,,,14,,,,,6,52,1,8.6,0.4/0.5,,,,,,,,28.20
273,Mason Taylor,TE,NYJ,13,@TEN,67,31,TE46,,,,,44,369,1,8.4,3.4/5.0,,,,,,,51,,,,,33,283,1,8.6,1.9/2.8,,,,,,,,28.30
274,Trevor Etienne,RB,CAR,5,CHI,12,31,RB81,4.7,20,94,,3,13,,4.3,0.2/0.2,,,,,,,10,4.2,14,60,,3,22,,7.1,0.2/0.3,,,,,,,,28.40
275,Dyami Brown,WR,WAS,7,@PHI,40,16,WR117,5.0,6,30,,20,227,1,11.4,1.4/2.6,,,,,,,22,,,,,9,113,1,12.6,0.5/0.9,,,,,,,,28.50
276,Malik Benson,WR,LV,13,MIA,,32,WR118,,,,,,,,,,,,,,,,30,,,,,18,152,1,8.4,1.1/2.1,,,,,,,,28.60
277,Tyler Higbee,TE,LAR,11,SF,59,15,TE47,,,,,25,281,3,11.2,2.5/3.6,,,,,,,32,,,,,17,177,1,10.4,1.0/1.6,,,,,,,,28.70
278,Michael Penix Jr.,QB,ATL,11,@PIT,120,14,QB32,3.3,21,70,1,,,,,,1982,9,3,60%,30.7,11.9,189,3.7,14,52,1,,,,,,2945,19,8,62%,31.8,11.4,,28.80
279,Tez Johnson,WR,TB,10,@CIN,78,11,WR119,3.1,7,22,,28,322,5,11.5,1.8/2.8,,,,,,,20,5.9,3,20,,7,86,1,11.7,0.4/0.7,,,,,,,,28.90
280,Jake Tonges,TE,SF,8,@LAR,76,27,TE48,,,,,34,293,5,8.6,2.0/2.7,,,,,,,33,,,,,18,182,1,10.1,1.1/1.5,,,,,,,,29.00
281,Isaiah Davis,RB,NYJ,13,@TEN,61,23,RB82,5.5,43,236,1,21,186,,8.9,1.3/1.8,,,,,,,32,4.7,29,134,1,10,76,,7.6,0.6/0.8,,,,,,,,29.10
282,Kirk Cousins,QB,LV,13,MIA,104,32,QB33,0.5,14,7,1,,,,,,1721,10,5,62%,24.5,10.4,108,1.7,9,14,,,,,,,1919,11,7,66%,34.8,10.5,,29.20
283,Christian Kirk,WR,SF,8,@LAR,44,26,WR120,,,,,28,239,1,8.5,2.2/4.0,,,,,,,42,,,,,20,262,1,13.0,1.6/2.5,,,,,,,,29.30
284,Shedeur Sanders,QB,CLE,11,@JAX,85,2,QB34,8.0,21,169,1,,,,,,1400,7,10,57%,26.5,11.7,126,5.1,25,128,1,,,,,,2090,9,6,62%,29.8,11.1,,29.40
285,Will Shipley,RB,PHI,10,WAS,13,4,RB83,3.5,14,49,,9,56,,6.2,0.6/0.8,,,,,,,7,4.0,11,43,,2,15,,7.7,0.1/0.2,,,,,,,,29.50
286,Zavion Thomas,WR,CHI,10,@CAR,,27,WR121,,,,,,,,,,,,,,,,25,5.0,3,17,,10,125,1,12.3,0.6/1.1,,,,,,,,29.60
287,Olamide Zaccheaus,WR,ATL,11,@PIT,65,15,WR122,6.2,4,25,,39,313,2,8.0,2.4/4.1,,,,,,,41,6.0,2,10,,18,190,2,10.5,1.1/1.8,,,,,,,,29.70
288,LeQuint Allen Jr.,RB,JAX,7,CLE,20,16,RB84,4.1,23,94,,10,54,,5.4,0.6/0.6,,,,,,,39,4.2,10,40,,25,166,1,6.6,1.5/1.9,,,,,,,,29.80
289,Noah Fant,TE,NO,8,@DET,58,16,TE49,,,,,34,288,3,8.5,2.3/2.7,,,,,,,49,,,,,25,242,2,9.7,1.5/1.9,,,,,,,,29.90
290,Kyle Williams,WR,NE,11,@SEA,44,28,WR123,1.5,2,3,,10,209,3,20.9,0.6/1.2,,,,,,,30,,,,,12,176,1,15.0,0.7/1.2,,,,,,,,30.00
291,Jahdae Walker,WR,CHI,10,@CAR,24,27,WR124,,,,,6,87,2,14.5,0.7/1.1,,,,,,,9,,,,,5,62,,13.0,0.3/0.5,,,,,,,,30.10
292,Jaydon Blue,RB,PHI,10,WAS,20,4,RB85,3.4,38,129,1,1,5,,5.0,0.2/0.2,,,,,,,56,4.2,69,285,3,8,57,,7.0,0.5/0.6,,,,,,,,30.20
293,Tory Horton,WR,SEA,11,NE,53,13,WR125,,,,,13,161,5,12.4,1.6/2.8,,,,,,,59,,,,,24,352,2,14.7,2.0/3.5,,,,,,,,30.30
294,Luke Schoonmaker,TE,DAL,14,@NYG,20,10,TE50,,,,,14,132,,9.4,0.8/1.4,,,,,,,24,,,,,12,118,1,9.7,0.7/1.1,,,,,,,,30.40
295,Isaiah Bond,WR,CLE,11,@JAX,46,5,WR126,5.8,5,29,,18,338,,18.8,1.1/2.8,,,,,,,28,6.0,3,20,,10,149,1,14.9,0.6/1.1,,,,,,,,30.50
296,Deshaun Watson,QB,CLE,11,@JAX,,2,QB35,4.8,31,,,,,,,,,,,,30.9,8.4,102,4.3,22,94,1,,,,,,1662,8,6,62%,28.8,10.3,,30.60
297,Carson Beck,QB,ARI,14,@LAC,,15,QB36,,,,,,,,,,,,,,,,57,4.0,13,53,,,,,,,829,6,3,62%,31.0,10.7,,30.70
298,Nick Westbrook-Ikhine,WR,IND,13,BAL,14,17,WR127,,,,,11,89,,8.1,0.7/1.3,,,,,,,,,,,,12,142,1,11.9,0.7/1.2,,,,,,,,30.80
299,Tutu Atwell,WR,LAR,11,SF,28,25,WR128,,,,,6,192,1,32.0,0.6/1.5,,,,,,,10,5.3,2,9,,5,69,,13.7,0.3/0.5,,,,,,,,30.90
300,J.J. McCarthy,QB,MIN,6,GB,125,7,QB37,4.9,37,181,4,,,,,,1632,11,12,58%,24.3,11.7,48,4.5,11,50,1,,,,,,717,3,2,62%,34.0,11.3,,31.00